id,title,type,author,author_link,blood_magic,uploaded_at,last_updated,intro,pokemon_1,bloodline_1,nature_1,talents_1,skills_1,pokemon_2,bloodline_2,nature_2,talents_2,skills_2,pokemon_3,bloodline_3,nature_3,talents_3,skills_3,pokemon_4,bloodline_4,nature_4,talents_4,skills_4,pokemon_5,bloodline_5,nature_5,talents_5,skills_5,pokemon_6,bloodline_6,nature_6,talents_6,skills_6,parse_ok,warnings
052cc9dc6cb40173db2aa2c44b2c81d3,三首领放空大脑队,pvp,小火炉,,进化之力,2026-5-6,2026-5-6,放空大脑尽量别博弈，三首领按到死，纯粹一点,白金独角兽,首领,胆小,"生命,魔攻,速度",折射;回旋风暴;气泡;追打,冰钻布鲁斯,地,固执,"生命,物攻,速度",冰雹;先发制人;有效预防;跺地,黑猫巫师,首领,胆小,"生命,魔攻,速度",嗜痛;乱打;羽化加速;午夜噪音,寂灭骨龙,光,平和,"生命,物防,魔防",隼鳞;吓退;偷袭;先发制人,音速犬,首领,开朗,"生命,物攻,速度",热身;焚烧烙印;灼伤;跌落,圆号鱼,翼,沉默,"生命,物防,魔防",打湿;水炮;羽化加速;棘刺,True,
0c4a56e20142767d1be32461465fdb0e,暂定,pvp,mokuyo,,进化之力,2026-5-5,2026-5-5,没,彩蝶鲨,首领,胆小,"生命,魔攻,速度",翼击;贮藏;寒风吹;天洪,锤头鹳,幽,平和,"生命,物攻,物防",潮涌;虚假破产;勾魂;取念,叮叮恶魔,武,固执,"生命,物攻,速度",缠丝劲;乘风;羽化加速;撕咬,红绒十字,地,保守,"生命,魔攻,速度",引燃;焚烧烙印;泥浆铠甲;除厄,圣剑-X,首领,平和,"生命,物攻,速度",齿轮扭矩;啮合传递;休息回复;齿轮切开,石冠王蜥（本来的样子）,翼,平和,"生命,物防,魔防",风墙;地刺;复写;冲撞,True,
8f6d55a8cfdeb7ec72f171aeab805965,洛神杯宝马队,pvp,西山君,,进化之力,2026-5-5,2026-5-5,洛神杯百分百胜率配队,白金独角兽,水,胆小,"生命,魔攻,速度",折射;气泡;追打;回旋风暴,蹦床松鼠,冰,紧张,"生命,物防,魔防",雪替身;热身运动;追打;休息回复,黑猫巫师,武,保守,"生命,魔攻,速度",羽化加速;午夜噪音;乱打;嗜痛,寂灭骨龙,电,平和,"生命,物攻,物防",隼鳞;吓退;降灵;偷袭,利灯鱼,幽,胆小,"生命,魔攻,速度",落雷;倾泻;灵媒;水光冲击,圣剑-X,电,固执,"生命,物攻,物防",啮合传递;齿轮扭矩;先发制人;齿轮切开,True,
04835ae2d5d344ab7175551576d58a11,地武,pvp,moemu,,进化之力,2026-5-4,2026-5-4,数值美,布克棱岩,首领,固执,"生命,物攻,物防",地刺;后发制人;力量增效;遁地,巨噬针鼹,普通,固执,"生命,物攻,物防",吞噬;地刺;先发制人;力量增效,瞌睡王,普通,固执,"生命,物攻,物防",一拳;能量刃;力量增效;有效预防,圣剑-X,首领,平和,"生命,物攻,物防",齿轮切开;鸣沙陷阱;轴承支撑;应激反应,食尘短绒,翼,平和,"生命,物防,魔防",地刺;沙涌;棘刺;风墙,针叶巡林,冰,固执,"生命,物攻,物防",光合作用;截拳;地刺;防御,True,
bfaf6d20f80bb4df5830f10066158066,狮鹫,pvp,dori,,进化之力,2026-5-4,2026-5-4,光よ,黑猫巫师,首领,保守,"生命,魔攻,速度",魔能爆;彗星;魔法增效;嗜痛,皇家狮鹫（高山地的样子）,翼,开朗,"生命,物攻,速度",羽化加速;三连破;光之矛;缠丝劲,帕帕斯卡,机械,固执,"生命,物攻,速度",钢铁洪流;轴承支撑;俯冲猛击;热身运动,圣剑-X,首领,平和,"生命,物攻,物防",齿轮切开;鸣沙陷阱;轴承支撑;休息回复,圣羽翼王,翼,开朗,"生命,物攻,速度",热身运动;三连破;光之矛;疾风连袭,音速犬,首领,开朗,"生命,物攻,速度",灼伤;闪光冲击;吞噬;力量增效,True,
d08a48980520382225e4185cc4f5f8e8,星陨狼王队,pvp,饼饼酱,,进化之力,2026-5-4,2026-5-4,科研,怖哭菇,幻,沉默,"生命,物防,魔防",错乱;冥想;复写;吓退,恶魔狼,首领,开朗,"生命,物攻,速度",蝙蝠;火焰切割;有效预防;力量增效,卡瓦重（雪山附近的样子）,冰,胆小,"生命,物攻,速度",顶端优势;速冻;冰雹;晒太阳,龙息帕尔,恶,固执,"生命,物攻,速度",蝙蝠;极限撕裂;恶念交换;先发制人,落陨星兔,武,胆小,"生命,魔攻,速度",多维击打;化劲;有效预防;嘲弄,暮星辰,幻,胆小,"生命,魔攻,速度",魔法增效;翼击;坍缩;防御,True,
fb78df4d2886b09d45dee2d2113bcaa0,雪天星陨队,pvp,小红帽,,进化之力,2026-5-4,2026-5-4,雪天星陨,怖哭菇,幻,沉默,"生命,物防,魔防",冥想;错乱;休息回复;吓退,尖嘴狐仙,幻,平和,"生命,物防,魔防",超维投射;冰墙;焚烧烙印;高温回火,龙息帕尔,武,固执,"生命,物防,魔防",力量增效;蝙蝠;先发制人;火云车,暮星辰,幻,胆小,"生命,魔攻,速度",翼击;二律背反;回旋风暴;风隐,权杖-Ⅴ,幻,平和,"生命,物防,魔防",联动装置;超维投射;无畏之心;冰晶坠,雪影娃娃,首领,平和,"生命,物防,魔防",生日蛋糕;暴风雪;二律背反;甜心续航,True,
8120be6db40b834345e6394f774e4510,11,pvp,emzxhyb,,进化之力,2026-5-3,2026-5-3,11,黑猫巫师,首领,保守,"生命,魔攻,速度",乱打;午夜噪音;羽化加速;嗜痛,火神,首领,开朗,"生命,物攻,速度",吹火;火云车;暗突袭;防御,尖嘴狐仙,冰,胆小,"生命,魔攻,速度",焚烧烙印;火焰护盾;冰点;高温回火,抹茶布丁,草,保守,"生命,魔攻,速度",叶绿光束;水炮;捧杀;泡沫幻影,兽花蕾,萌,平和,"生命,物防,魔防",顶端优势;退化;移花接木;飞羽,伊兰亚龙,龙,胆小,"生命,物防,速度",绵里藏针;氧输送;防御;移花接木,True,
1e921d5393ac38cd36b69878ac5c9057,平衡,pvp,猫猫没有烦恼,,进化之力,2026-5-2,2026-5-2,面对主流队伍，都有一战之力,黑猫巫师,首领,胆小,"生命,魔攻,速度",嗜痛;彗星;魔能爆;魔法增效,化蝶（平常的样子）,火,开朗,"生命,物攻,速度",掩护;引燃;破罐破摔;闪击,寂灭骨龙,冰,固执,"生命,物攻,速度",隼鳞;电弧;借用;雪替身,尖嘴狐仙,普通,紧张,"生命,物防,魔防",火焰护盾;暴风雪;焚烧烙印;高温回火,岚鸟（春天的样子）,首领,开朗,"生命,物攻,速度",闪击;筛管奔流;水刃;撕咬,圣剑-X,首领,悠闲,"生命,物防,魔防",鸣沙陷阱;啮合传递;齿轮扭矩;主轴,True,
8b2f22f8fc826a196f069fd90c1adf2b,平衡队,pvp,栀,,强化术,2026-5-2,2026-5-2,博弈拉满,波多西,萌,平和,"生命,物攻,魔防",地刺;啮合传递;吓退;齿轮切开,瞌睡王,恶,固执,"生命,物攻,魔防",斩断;有效预防;能量刃;气沉丹田,獠牙猪,火,固执,"生命,物攻,物防",地刺;力量增效;冰晶坠;丢冰块,落陨星兔,武,胆小,"生命,魔攻,速度",魔法增效;吓退;大爆炸;恐吓,水泡壳（蜕皮时的样子）,翼,沉默,"生命,物防,魔防",风墙;叠势;洗礼;水炮,芋香巨角蛛,水,沉默,"生命,魔攻,速度",防御;快速移动;以毒攻毒;毒液渗透,True,
e2f2e02b781f7193ec5003d41d5ec265,星陨综合队,pvp,西山君,,进化之力,2026-5-2,2026-5-2,比传统星陨更灵活,怖哭菇,幻,沉默,"生命,物防,魔防",冥想;错乱;吓退;血气,龙息帕尔,恶,固执,"生命,物攻,速度",先发制人;欺诈契约;闪燃;火云车,暮星辰,翼,胆小,"生命,魔攻,速度",翼击;先发制人;阻断;多维击打,帕帕斯卡,机械,固执,"生命,物攻,速度",钢铁洪流;倾泻;轴承支撑;齿轮扭矩,权杖-Ⅴ,幻,平和,"生命,物防,魔防",钢铁洪流;超维投射;冰晶坠;无畏之心,雪影娃娃,首领,平和,"生命,物防,魔防",甜心续航;冰墙;冬至;暴风雪,True,
cab0cb4a5090828ed621f7da997e1c52,水刃圣剑,pvp,巴拉巴拉,,进化之力,2026-5-1,2026-5-1,首领可雪影可圣剑,黑羽夫人,恶,固执,"生命,物攻,物防",水刃;撕咬;力量增效;飞羽,寂灭骨龙,龙,固执,"生命,物攻,物防",隼鳞;电弧;报复;先发制人,帕帕斯卡,机械,固执,"生命,物攻,速度",钢铁洪流;轴承支撑;超级糖果;倾泻,圣剑-X,首领,平和,"生命,物攻,物防",鸣沙陷阱;轴承支撑;啮合传递;齿轮切开,圣羽翼王,普通,开朗,"生命,物攻,速度",水刃;闪击;力量增效;疾风连袭,雪影娃娃,首领,平和,"生命,物防,魔防",冰晶坠;冰点;冰墙;超级糖果,True,
79601ea21dd5daca5859aeb35105511c,击鼓传花平衡队,pvp,yyoo,,进化之力,2026-4-30,2026-4-30,两个首领化精灵，同时应对不同情况，击鼓传花快速发育达成速推，或者圆号鱼给彩蝶鲨叠水系技能，彩蝶鲨推队,白发路路,机械,平和,"生命,物防,魔防",啮合传递;击鼓传花;示弱;纤维化,彩蝶鲨,首领,保守,"生命,魔攻,速度",天洪;贮藏;寒风吹;翼击,公平鸽,地,忧郁,"生命,物防,魔防",天旋地转;蓄能轰击;泥浆铠甲;影袭,梦想三三,首领,固执,"生命,物攻,速度",电磁偏转;影袭;击鼓传花;防御反击,食尘短绒,地,紧张,"生命,物防,魔防",倾泻;棘刺;地刺;遁地,圆号鱼,萌,沉默,"生命,物防,魔防",洗礼;打湿;甜心续航;泡沫幻影,True,
73165cf6f3468503d084e12eba26d0d7,隐藏咔咔鸟,pvp,还行,,强化术,2026-4-29,2026-4-29,白发首发热身运动（如果六连音波能秒对面可以热身后直接传给鸟），花炮（怕速度不够就换成啮合传动，状态不好可以提前传）。击鼓传花给鸟后根据情况放音波和滚动。（前面没放花炮可以让鸟放）,白发路路,机械,平和,"生命,物防,魔防",热身运动;花炮;啮合传递;击鼓传花,咔咔鸟,翼,胆小,"生命,魔攻,速度",暴风眼;花炮;音波弹;旋转突击,鸭吉吉（等一等鸭）,普通,沉默,"生命,物攻,魔攻",魔法增效;音波弹;拍击;防御,鸭吉吉（急急急鸭）,普通,胆小,"生命,魔攻,速度",猛烈撞击;力量增效;扫尾;防御,鸭吉吉（紧实的样子）,普通,胆小,"生命,魔攻,速度",魔法增效;音波弹;拍击;防御,鸭吉吉（蓬松的样子）,普通,胆小,"生命,魔攻,速度",猛烈撞击;力量增效;扫尾;防御,True,
d3e4f39a9e23f7857733ca3bc4a4aba5,星陨迅捷翼王,pvp,开心超人,,强化术,2026-4-29,2026-4-29,1111,怖哭菇,幽,紧张,"生命,物防,魔防",错乱;冥想;吓退;先发制人,黑猫巫师,电,保守,"生命,魔攻,速度",魔法增效;嗜痛;乱打;彗星,龙息帕尔,萌,固执,"生命,物攻,速度",力量增效;先发制人;蝙蝠;火云车,帕帕斯卡,地,固执,"生命,物攻,速度",钢铁洪流;齿轮扭矩;倾泻;轴承支撑,圣羽翼王,电,开朗,"生命,物攻,速度",水刃;疾风连袭;力量增效;闪击,小皮球,地,胆小,"生命,魔攻,速度",落雷;超维投射;加大功率;吓退,True,
71fe2c3c4ea0ff483220a4963e61fbff,雪天星陨队,pvp,WSTG,,进化之力,2026-4-27,2026-4-27,1号位增益，中转位，2号收割，3号收割，4号增益中转，5号战场中转，6号收割,怖哭菇,幻,平和,"生命,物防,速度",冥想;错乱;休息回复;先发制人,龙息帕尔,恶,固执,"生命,物攻,速度",极限撕裂;火云车;有效预防;先发制人,落陨星兔,幻,胆小,"生命,魔攻,速度",吓退;嘲弄;灵光;大爆炸,权杖-Ⅴ,机械,固执,"生命,物攻,速度",摇篮曲;无畏之心;钢铁洪流;啮合传递,雪影娃娃,首领,平和,"生命,物攻,速度",暴风雪;冰墙;赤子之心;冬至,月牙雪熊,翼,固执,"生命,物攻,速度",冰雹;风墙;先发制人;冰点,True,
8acc63fa69454cf924a560153fc8b9b9,媳妇老婆孩子,pvp,狗之大酱,,进化之力,2026-4-27,2026-4-27,？,白金独角兽,首领,开朗,"物防,魔防,速度",折射;追打;回旋风暴;气泡,蹦床松鼠,普通,平和,"物攻,物防,魔防",休息回复;吓退;热身运动;追打,寂灭骨龙,龙,固执,"物攻,魔防,速度",隼鳞;幻象;先发制人;偷袭,岚鸟（夏天的样子）,翼,开朗,"物攻,物防,速度",闪击;力量增效;水刃;先发制人,圣羽翼王,翼,开朗,"物攻,物防,速度",水刃;力量增效;疾风连袭;闪击,雪影娃娃,首领,沉默,"物防,魔防,速度",击鼓传花;赤子之心;暴风雪;冰墙,True,
f66bdc78053459374412ce08510a625a,御龙战队,pvp,fan,,进化之力,2026-4-26,2026-4-26,主龙,炽心勇狮,武,保守,"生命,魔攻,魔防",叠势;淬火;怒火;听桥,寂灭骨龙,恶,孤僻,"生命,物攻,物防",龙血;龙之利爪;吹炎;坟场搏击,龙息帕尔,机械,固执,"生命,物攻,物防",械斗;蝙蝠;撕裂;极限撕裂,罗隐,地,懒散,"生命,物攻,物防",岩土暴击;泥浆铠甲;暗突袭;地刺,圣羽翼王,龙,认真,"生命,魔攻,魔防",羽化加速;伺机而动;龙吼;龙炮,伊兰亚龙,恶,保守,"生命,魔攻,魔防",黑手;绵里藏针;湮灭;架势,True,
4d62ab4f2f2a61680865875c0e726c36,雷暴平衡,pvp,Lyuu,,强化术,2026-4-25,2026-4-25,雷暴平衡,寂灭骨龙,机械,平和,"生命,物攻,物防",隼鳞;吓退;电弧;偷袭,帕帕斯卡,水,固执,"生命,物攻,速度",钢铁洪流;倾泻;电弧;俯冲猛击,奇丽花,机械,开朗,"生命,物攻,速度",纤维化;仙人掌刺击;啮合传递;光刃,绒光优优,火,胆小,"生命,魔攻,速度",热砂;天光;放晴;流沙,闪电鳗鱼,武,胆小,"生命,魔攻,速度",双联脉冲;雷暴;泡沫幻影;水光冲击,星光狮（星光能量的样子）,冰,胆小,"生命,魔攻,速度",雷暴;过载回路;防御;炎打,True,
d169c872f674b01022d779d547b6bca0,我没理解,pvp,森亚露露葵,,强化术,2026-4-25,2026-4-25,我没理解,海豹船长,电,平和,"生命,物攻,速度",水刃;斩断;听桥;先发制人,寂灭骨龙,电,平和,"生命,物攻,魔防",隼鳞;偷袭;吓退;先发制人,燃薪虫,电,平和,"生命,物防,魔防",引燃;火焰护盾;抽枝;移花接木,绒光优优,火,胆小,"生命,魔攻,速度",流沙;热砂;天光;放晴,声波缇塔,草,开朗,"生命,物攻,速度",先发制人;啮合传递;齿轮扭矩;地刺,圆号鱼,萌,沉默,"生命,物防,魔防",打湿;水炮;洗礼;甜心续航,True,
d6d3bb2d6434c724bd1ef5dd81ad931c,能耗平衡队,pvp,夕夜枫灵,,进化之力,2026-4-25,2026-4-25,利用雪影和鱼的特性消耗对面能量为猫和赛小息发育推队,黑猫巫师,普通,胆小,"生命,魔攻,速度",羽化加速;嗜痛;午夜噪音;乱打,寂灭骨龙,幽,固执,"生命,物攻,速度",隼鳞;吓退;降灵;先发制人,岚鸟（春天的样子）,翼,开朗,"生命,物攻,速度",闪击;力量增效;水刃;筛管奔流,声波缇塔,水,开朗,"生命,物攻,速度",轴承支撑;齿轮扭矩;地刺;啮合传递,雪影娃娃,首领,紧张,"生命,物防,魔防",冰墙;赤子之心;击鼓传花;暴风雪,圆号鱼,翼,平和,"生命,物防,魔防",羽化加速;洗礼;水炮;打湿,True,
31e1499c3f15d70ecffc5a527ee18d41,1,pvp,1,,强化术,2026-4-24,2026-4-24,1,寂灭骨龙,冰,固执,"生命,物攻,速度",隼鳞;先发制人;报复;电弧,岚鸟（春天的样子）,地,开朗,"生命,物攻,速度",水刃;筛管奔流;跺地;闪击,燃薪虫,恶,平和,"生命,物防,魔防",引燃;火焰护盾;藤绞;倾泻,绒光优优,冰,胆小,"生命,魔攻,速度",天光;放晴;热砂;取念,声波缇塔,恶,固执,"生命,物攻,速度",齿轮扭矩;轴承支撑;啮合传递;地刺,圆号鱼,翼,平和,"生命,物防,魔防",水炮;洗礼;打湿;羽化加速,True,
605779aab2e62602bec5bd8003b70fb7,萌化队,pvp,dakw,,进化之力,2026-4-24,2026-4-24,叠萌化，打合奏,寒音蛇（本来的样子）,萌,开朗,"生命,物攻,速度",月光合奏;示弱;超级糖果;有效预防,化蝶（平常的样子）,萌,沉默,"生命,魔攻,速度",食腐;退化;晒太阳;飞吻,卡洛儿,萌,平和,"生命,物攻,速度",甜心续航;月光合奏;水刃;无畏之心,梦想三三,首领,开朗,"生命,物攻,速度",甜心续航;月光合奏;防御反击;影袭,魔眷鸟,萌,开朗,"生命,物攻,速度",超级糖果;甜心续航;月光合奏;倾泻,秩序鱿墨,翼,开朗,"生命,物攻,速度",风墙;超级糖果;能量刃;甜心续航,True,
910046e85c4ab65824da847493c87662,大师队,pvp,银狼,,进化之力,2026-4-24,2026-4-24,好用,白金独角兽,首领,胆小,"生命,魔攻,速度",折射;阻断;气泡;叶绿光束,迪莫,光,胆小,"生命,魔攻,速度",光刃;超导;棘突;热砂,海豹船长,恶,固执,"生命,物攻,速度",听桥;斩断;水刃;等价交换,火神,冰,固执,"生命,物攻,速度",火焰切割;防御;闪燃;冰爪,利灯鱼,水,沉默,"生命,魔攻,速度",加大功率;落雷;水光冲击;倾泻,水灵,恶,保守,"生命,魔攻,速度",气泡;泡沫幻影;天洪;等价交换,True,
9b3f8891c1558360b8210f7b95573ab4,最新恶魔狼王魔爆木桶队,pvp,猜猜木桶里是什么,,进化之力,2026-4-24,2026-4-24,猜木桶藏着什么,恶魔狼,恶,胆小,"生命,魔攻,速度",先发制人;火焰切割;蝙蝠;吞噬,古卷匣魔像,普通,胆小,"生命,魔攻,速度",彗星;魔能爆;魔法增效;防御反击,黑猫巫师,普通,胆小,"生命,魔攻,速度",彗星;魔能爆;魔法增效;借用,卷胡巨獭,普通,胆小,"生命,魔攻,速度",彗星;魔能爆;有效预防;水泡盾,龙息帕尔,恶,开朗,"生命,物攻,速度",火云车;俯冲猛击;力量增效;闪燃,魔草巫灵,普通,胆小,"生命,魔攻,速度",酶浓度调整;移花接木;主场优势;富养化,True,
d39db4627b1061b642e13bd6195a5bab,宝可梦大师队,pvp,银狼,,进化之力,2026-4-24,2026-4-24,好用,白金独角兽,首领,胆小,"生命,魔攻,速度",折射;叶绿光束;气泡;阻断,迪莫,光,开朗,"生命,物攻,速度",棘突;超导;光刃;热砂,海豹船长,恶,固执,"生命,物攻,速度",等价交换;水刃;斩断;听桥,火神,冰,固执,"生命,物攻,速度",闪燃;火焰切割;防御;冰爪,利灯鱼,水,沉默,"生命,魔攻,速度",水光冲击;加大功率;倾泻;落雷,水灵,恶,保守,"生命,魔攻,速度",天洪;气泡;等价交换;泡沫幻影,True,
13876fd32f4fa50f253dc8dd903f35c9,超级回旋踢,pvp,佚名,,强化术,2026-4-23,2026-4-23,"轮换有惩罚,站场没奖励.",海豹船长,火,固执,"生命,物攻,魔防",水刃;斩断;听桥;力量增效,瞌睡王,恶,固执,"生命,物攻,魔防",回旋踢;有效预防;斩断;气沉丹田,利灯鱼,冰,固执,"生命,物攻,魔防",强制重启;阻断;防御;倾泻,罗隐,草,固执,"生命,物防,魔防",砂石冲撞;鸣沙陷阱;地刺;暗突袭,魔力猫,地,紧张,"生命,物防,魔防",仙人掌刺击;酶浓度调整;光合作用;藤绞,武者鸡,电,固执,"生命,物攻,魔防",热身;回旋踢;闪燃;防御,True,
e066720827d53d840ed6e01d5627cc8f,平衡虫队,pvp,飞行雪绒,,进化之力,2026-4-23,2026-4-23,我好像找到了，攻守平衡的无敌平衡虫！,花魁蜂后,首领,开朗,"生命,物攻,速度",虫群;快速移动;有效预防;热身运动,花衣蝶,虫,平和,"生命,物防,速度",虫结阵;飞断;假寐;晒太阳,化蝶（幽冥眼的样子）,虫,浮躁,"物攻,魔攻,速度",破罐破摔;晒太阳;摇篮曲;棘刺,寂灭骨龙,普通,固执,"生命,物攻,速度",吓退;偷袭;电弧;隼鳞,绒仙子,虫,开朗,"生命,物攻,速度",假寐;啃咬;飞断;虫结阵,陨星虫,翼,开朗,"生命,物攻,速度",假寐;羽翼庇护;虫群;热身运动,True,
9a263b6dbb9545f297318dbc5e67cde5,创死你,pvp,北方,,进化之力,2026-4-22,2026-4-22,强度组合,白金独角兽,火,胆小,"生命,魔攻,速度",折射;回旋风暴;追打;火爪,冰钻布鲁斯,冰,固执,"生命,物攻,物防",冰雹;有效预防;力量增效;先发制人,画间沉铁兽,武,固执,"生命,物攻,速度",先发制人;截拳;回旋踢;力量增效,岚鸟（春天的样子）,翼,开朗,"生命,物攻,速度",水刃;筛管奔流;闪击;快速移动,帕帕斯卡,机械,固执,"生命,物攻,速度",钢铁洪流;轴承支撑;倾泻;齿轮扭矩,圣羽翼王,翼,开朗,"生命,物攻,速度",水刃;闪击;疾风连袭;有效预防,True,
3bc983c76cce8bd4e1fac17d610fa961,自用平衡队,pvp,初冬,,进化之力,2026-4-21,2026-4-21,平衡（数值）,白金独角兽,首领,胆小,"生命,魔攻,速度",折射;追打;气泡;回旋风暴,冰钻布鲁斯,冰,固执,"生命,魔防,速度",先发制人;冰雹;落石;有效预防,黑猫巫师,普通,胆小,"生命,魔攻,速度",乱打;嗜痛;午夜噪音;羽化加速,寂灭骨龙,龙,平和,"生命,物攻,物防",隼鳞;幻象;电弧;吓退,声波缇塔,地,开朗,"生命,物攻,速度",轴承支撑;齿轮扭矩;地刺;啮合传递,圆号鱼,翼,沉默,"生命,物防,魔防",羽化加速;泡沫幻影;水炮;打湿,True,
4d2a4be975aac82aefedf317c5b74b0b,猜拳,pvp,自存,,强化术,2026-4-21,2026-4-21,自己存着玩,春花兔,毒,沉默,"生命,物防,魔防",无畏之心;倾泻;根吸收;抽枝,海豹船长,虫,平和,"生命,物攻,物防",听桥;斩断;水刃;一拳,画间沉铁兽,冰,紧张,"生命,物攻,物防",截拳;先发制人;有效预防;能量刃,卷毛鸭,地,开朗,"生命,物攻,速度",斩断;先发制人;水刃;晒太阳,瞌睡王,机械,平和,"生命,物攻,物防",斩断;能量刃;先发制人;有效预防,圆号鱼,水,紧张,"生命,物防,魔防",打湿;激怒;恐吓;落雨,True,
8af50ece6483ca7a064a012d3da024c9,简单双神平衡,pvp,azzz,,强化术,2026-4-21,2026-4-21,随便打打拿来上大师可以用。开局黑猫猜拳，帕斯卡配合骨龙联防能抓开局马超，可以换其他钢系联防倾泻手比如火钢。黑猫炸完上骨龙，帕尔在对面状态不好的时候上来给压力,黑猫巫师,武,保守,"生命,魔攻,速度",魔能爆;彗星;魔法增效;嗜痛,寂灭骨龙,幽,固执,"生命,物攻,速度",隼鳞;电弧;偷袭;吓退,岚鸟（春天的样子）,冰,开朗,"生命,物攻,速度",筛管奔流;水刃;闪击;力量增效,龙息帕尔,武,固执,"生命,物攻,速度",力量增效;蝙蝠;火云车;先发制人,帕帕斯卡,电,固执,"生命,物攻,速度",钢铁洪流;轴承支撑;齿轮扭矩;倾泻,圣羽翼王,冰,开朗,"生命,物攻,速度",水刃;力量增效;闪击;疾风连袭,True,
1700689691038662319bb8652048387a,虫,pvp,苏木,,强化术,2026-4-20,2026-4-20,虫,花衣蝶,地,平和,"生命,物防,魔防",虫群智慧;晒太阳;虫结阵;虫茧,巨噬针鼹,地,固执,"生命,物攻,物防",地刺;力量增效;吞噬;飞断,铠甲虫,地,开朗,"生命,物攻,速度",飞断;食腐;虫结阵;虫茧,罗隐,翼,固执,"生命,物攻,物防",贪婪;地刺;岩土暴击;泥浆铠甲,绒仙子,机械,开朗,"生命,物攻,速度",光刃;虫群智慧;啮合传递;草虫冲击,陨星虫,地,开朗,"生命,物攻,速度",虫群;掩护;热身运动;硬化,True,
53169acaf01ee0a80e36d4568084a9fe,慢速队,pvp,1e3,,强化术,2026-4-20,2026-4-20,萌萌哒的胃袋们猛猛打,布克棱岩,冰,平和,"生命,物攻,物防",地刺;雪替身;岩土暴击;沙涌,瞌睡王,恶,平和,"生命,物攻,物防",斩断;气沉丹田;有效预防;能量刃,罗隐,火,平和,"生命,物攻,物防",鸣沙陷阱;地刺;泥浆铠甲;贪婪,魔力猫,水,沉默,"生命,物防,魔防",酶浓度调整;光合作用;光能聚集;移花接木,帕帕斯卡,火,固执,"生命,物攻,速度",钢铁洪流;齿轮扭矩;俯冲猛击;倾泻,圣剑-X,电,平和,"生命,物攻,物防",轴承支撑;地陷;齿轮切开;鸣沙陷阱,True,
5de850101144da3d27106bdd3f4692d9,自爆阴人狼,pvp,暖暖more,,强化术,2026-4-20,2026-4-20,阴你没商量,恶魔狼,草,急躁,"生命,物攻,速度",蝙蝠;力量增效;先发制人;吞噬,黑猫巫师,萌,保守,"生命,魔攻,速度",魔能爆;彗星;嘲弄;嗜痛,寂灭骨龙,龙,慎重,"生命,物防,魔防",穿膛;坟场搏击;有效预防;借用,卡瓦重（雪山附近的样子）,冰,天真,"生命,物防,速度",速冻;冰雹;富养化;筛管奔流,音速犬,电,开朗,"物攻,物防,速度",热身;灼伤;焚烧烙印;当头棒喝,秩序鱿墨,翼,开朗,"生命,物攻,速度",风墙;能量刃;超级糖果;惊吓盒子,True,
8fd800f5e3239fc5264e8e158205edd4,1,pvp,1,,进化之力,2026-4-20,2026-4-20,1,冰钻布鲁斯,冰,固执,"生命,物攻,速度",有效预防;偷袭;先发制人;冰雹,恶魔狼,首领,开朗,"生命,物攻,速度",有效预防;先发制人;当头棒喝;吞噬,黑猫巫师,普通,保守,"生命,魔攻,速度",魔法增效;嗜痛;魔能爆;彗星,寂灭骨龙,武,固执,"生命,物攻,速度",吓退;降灵;电弧;隼鳞,咔咔鸟,普通,胆小,"生命,物攻,速度",暴风眼;音波弹;追打;聚盐,卡瓦重（雪山附近的样子）,冰,开朗,"生命,物攻,速度",晒太阳;速冻;富养化;筛管奔流,True,
f5f0685f132303bad807fac678464f5b,独角大运平衡队,pvp,幺零幺林滮,,进化之力,2026-4-20,2026-4-20,如图所示,白金独角兽,首领,胆小,"生命,魔攻,速度",折射;回旋风暴;追打;气泡,寂灭骨龙,龙,固执,"生命,物攻,速度",隼鳞;幻象;偷袭;吓退,岚鸟（夏天的样子）,首领,开朗,"生命,物攻,速度",力量增效;先发制人;闪击;有效预防,圣羽翼王,翼,开朗,"生命,物攻,速度",闪击;防御;力量增效;疾风连袭,兽花蕾,萌,紧张,"生命,物防,魔防",退化;飞羽;移花接木;叶绿光束,圆号鱼,萌,沉默,"生命,物防,魔防",泡沫幻影;打湿;水炮;甜心续航,True,
0c0fb02f83101857fe3ea1450436c54f,雪天轮转队,pvp,DD,,进化之力,2026-4-19,2026-4-19,雪影娃娃首领化，压力不大开雪天，压力大就冰墙然后换雪人或者狐仙，雪人掩护换回娃娃叠冰冻，抽空用锤头鹳迅捷上冰冻或者狐仙高温回火磨血，对带有冻结的单位，月牙雪熊和法师手通过被动进行收割,锤头鹳,冰,开朗,"生命,物攻,速度",霜降;晒太阳;羽翼庇护;疾风刺,画间法师手,普通,胆小,"生命,魔攻,速度",先发制人;突袭;有效预防;大爆炸,尖嘴狐仙,冰,胆小,"生命,魔攻,速度",高温回火;冰墙;焚烧烙印;冷风,雪巨人,虫,固执,"生命,物攻,魔防",偷袭;掩护;有效预防;一拳,雪影娃娃,首领,开朗,"生命,物攻,速度",冬至;冰墙;暴风雪;借用,月牙雪熊,翼,胆小,"生命,物防,速度",先发制人;风墙;暴风雪;吓退,True,
14a00210c2955d4e8c81716dc98b07d6,传统轮换毒队,pvp,白色乌托邦,,进化之力,2026-4-19,2026-4-19,传统轮换毒，需要较强的能力,海豹船长,武,勇敢,"生命,物攻,物防",听桥;斩断;水刃;有效预防,厉毒修萝,武,开朗,"生命,物攻,速度",三连破;缠丝劲;趁火打劫;防御,琉璃水母,毒,沉默,"生命,物防,魔防",洗礼;泡沫幻影;天洪;鸩毒,迷迷箱怪,幻,冷静,"生命,魔攻,物防",双星;啮合传递;齿轮切开;错乱,千棘盔（本来的样子）,首领,平和,"生命,物防,魔防",毒雾;泡沫幻影;打湿;毒液渗透,裘卡,毒,开朗,"生命,物攻,速度",阻断;腐化;毒囊;剧毒,True,
605622fd1ac9a3172ca659ad36b56ff1,兽花蕾平衡队,pvp,兽花蕾平衡队,,进化之力,2026-4-19,2026-4-19,兽花蕾平衡队,白金独角兽,首领,胆小,"生命,物攻,速度",折射;虹光冲击;防御;气泡,贝古斯,翼,固执,"生命,物攻,速度",易燃物质;焚烧烙印;磁暴;能量守恒,画间沉铁兽,武,固执,"生命,物攻,速度",截拳;力量增效;有效预防;先发制人,寂灭骨龙,幽,固执,"生命,物攻,速度",隼鳞;先发制人;吓退;偷袭,兽花蕾,光,紧张,"生命,物防,魔防",镜像反射;移花接木;叶绿光束;退化,音速犬,首领,固执,"生命,物攻,速度",流星火雨;过载回路;跌落;防御,True,
6b6459c823d6cea6263d82931b6b69d6,烈火平衡,pvp,记忆棉,,强化术,2026-4-19,2026-4-19,自用,红绒十字,火,沉默,"生命,物防,魔防",焚烧烙印;赤子之心;火焰护盾;除厄,瞌睡王,普通,淘气,"物攻,物防,魔防",斩断;气沉丹田;有效预防;能量刃,烈火守护,火,固执,"生命,物攻,物防",双响炮;偷袭;彼岸之手;有效预防,兽花蕾,光,狂妄,"生命,魔攻,魔防",徒长;移花接木;晒太阳;叶绿光束,水泡壳（蜕皮时的样子）,虫,保守,"生命,魔攻,魔防",酶浓度调整;掩护;天洪;洗礼,针叶巡林,草,固执,"生命,物攻,物防",光合作用;地刺;防御;顶端优势,True,
0087cc661740ba1dc97a0777e57f8755,电企鹅1223,pvp,11122223333,,进化之力,2026-4-18,2026-4-18,电企鹅1223电企鹅1223,电企鹅,虫,胆小,"生命,魔攻,速度",冰锋横扫;掩护;感电;过载回路,寂灭骨龙,武,固执,"生命,物攻,速度",隼鳞;偷袭;吓退;先发制人,帕帕斯卡,翼,固执,"生命,物攻,速度",俯冲猛击;轴承支撑;钢铁洪流;倾泻,绒光优优,火,胆小,"生命,魔攻,速度",硬化;天光;引燃;热砂,雪影娃娃,首领,紧张,"生命,魔攻,物防",暴风雪;冰墙;击鼓传花;赤子之心,圆号鱼,翼,沉默,"生命,物防,魔防",羽化加速;洗礼;水炮;泡沫幻影,True,
12b9b9122e8797c6c7d098c6abb0a2eb,平衡应对受,pvp,HolseLee,,强化术,2026-4-18,2026-4-18,圆号鱼用于挂湿润（中期配合甜心续航打联防干扰），然后上草鹿或者骨龙消耗对方，鱿太人联防，波多西和海豹通常后期上场收割，也能提前上打对方节奏,波多西,电,开朗,"生命,物攻,魔防",壁垒;啮合传递;地刺;齿轮扭矩,海豹船长,武,平和,"物攻,物防,速度",力量增效;斩断;听桥;水刃,寂灭骨龙,龙,慎重,"物攻,物防,魔防",吓退;偷袭;电弧;隼鳞,圆号鱼,萌,平和,"生命,物防,魔防",洗礼;打湿;水炮;甜心续航,针叶巡林,草,固执,"生命,物攻,物防",防御;截拳;能量刃;抽枝,秩序鱿墨,翼,开朗,"物攻,物防,速度",风墙;能量刃;超级糖果;惊吓盒子,True,
345afc13827ac38a7c5edd880cb2fbec,123,pvp,123,,强化术,2026-4-18,2026-4-18,123,红绒十字,普通,沉着,"生命,魔攻,魔防",赤子之心;除厄;火焰护盾;焚烧烙印,瞌睡王,普通,平和,"生命,物防,魔防",斩断;气沉丹田;有效预防;能量刃,烈火守护,龙,淘气,"生命,物防,魔防",双响炮;偷袭;彼岸之手;有效预防,兽花蕾,普通,狂妄,"生命,物防,魔防",徒长;移花接木;晒太阳;飞羽,水泡壳（蜕皮时的样子）,虫,沉着,"生命,物防,魔防",酶浓度调整;掩护;天洪;洗礼,针叶巡林,草,固执,"生命,物攻,物防",防御;光合作用;地刺;顶端优势,True,
36a33db7e2eb4688b8780dead158b753,1.0,pvp,jory,,进化之力,2026-4-18,2026-4-18,2026.4.18,恶魔狼,首领,开朗,"生命,物攻,速度",蝙蝠;有效预防;吞噬;闪燃,黑猫巫师,普通,保守,"生命,魔攻,速度",彗星;魔能爆;嗜痛;魔法增效,卡瓦重（雪山附近的样子）,冰,开朗,"物防,魔防,速度",筛管奔流;冰捆缚;速冻;冰雹,鳗尾兽,草,平和,"生命,物防,魔防",蓄势待发;酶浓度调整;地刺;遁地,权杖-Ⅴ,机械,平和,"生命,物防,魔防",钢铁洪流;轴承支撑;无畏之心;晒太阳,音速犬,火,开朗,"生命,物攻,速度",灼伤;焚烧烙印;跌落;当头棒喝,True,
44aa465bb480f7bc705a6921bcea98e0,火狗轮转队,pvp,无敌洛克大王,,强化术,2026-4-18,2026-4-18,依靠轮切火狗造成减员，帕帕斯卡的迅捷技能打出克制，以及良好的种族值，鱿彩再应对成功下，可以做的用气势一击秒人，果冻联防地武，小皮球联防水翼武，蝴蝶单管恶魔狼王,化蝶（平常的样子）,机械,紧张,"生命,魔攻,速度",防御;爆米花爆破;闪击;啮合传递,混乱鱿彩,武,孤僻,"生命,物攻,速度",双星;虚化;倾泻;气势一击,抹茶布丁,冰,保守,"生命,魔攻,速度",水炮;突袭;捧杀;洗礼,帕帕斯卡,地,固执,"生命,物攻,速度",俯冲猛击;齿轮扭矩;偷袭;倾泻,小皮球,地,胆小,"生命,魔攻,速度",大爆炸;吓退;加大功率;超导,音速犬,草,开朗,"生命,物攻,速度",偷袭;当头棒喝;流星火雨;跌落,True,
671572ac607263fc23726723702d12ae,电企鹅1223,pvp,11122223333,,进化之力,2026-4-18,2026-4-18,电企鹅1223电企鹅1223,电企鹅,虫,胆小,"生命,魔攻,速度",冰锋横扫;掩护;感电;过载回路,寂灭骨龙,武,固执,"生命,物攻,速度",隼鳞;偷袭;吓退;先发制人,帕帕斯卡,翼,固执,"生命,物攻,速度",俯冲猛击;轴承支撑;钢铁洪流;倾泻,绒光优优,火,胆小,"生命,魔攻,速度",硬化;天光;引燃;热砂,雪影娃娃,首领,紧张,"生命,魔攻,物防",暴风雪;冰墙;击鼓传花;赤子之心,圆号鱼,翼,沉默,"生命,物防,魔防",羽化加速;洗礼;水炮;泡沫幻影,True,
6af4cc10f562ea7c6447accef51b2504,火狗轮转队,pvp,无敌洛克大王,,强化术,2026-4-18,2026-4-18,依靠轮切火狗造成减员，帕帕斯卡的迅捷技能打出克制，以及良好的种族值，鱿彩再应对成功下，可以做的用气势一击秒人，果冻联防地武，小皮球联防水翼武，蝴蝶单管恶魔狼王,化蝶（平常的样子）,机械,紧张,"生命,魔攻,速度",防御;爆米花爆破;闪击;啮合传递,混乱鱿彩,武,孤僻,"生命,物攻,速度",双星;虚化;倾泻;气势一击,抹茶布丁,冰,保守,"生命,魔攻,速度",水炮;突袭;捧杀;洗礼,帕帕斯卡,地,固执,"生命,物攻,速度",俯冲猛击;齿轮扭矩;偷袭;倾泻,小皮球,地,胆小,"生命,魔攻,速度",大爆炸;吓退;加大功率;超导,音速犬,草,开朗,"生命,物攻,速度",偷袭;当头棒喝;流星火雨;跌落,True,
953c14097f2cd933ce574dbedd0660a8,电企鹅1223,pvp,11122223333,,进化之力,2026-4-18,2026-4-18,电企鹅1223电企鹅1223,电企鹅,虫,胆小,"生命,魔攻,速度",冰锋横扫;掩护;感电;过载回路,寂灭骨龙,武,固执,"生命,物攻,速度",隼鳞;偷袭;吓退;先发制人,帕帕斯卡,翼,固执,"生命,物攻,速度",俯冲猛击;轴承支撑;钢铁洪流;倾泻,绒光优优,火,胆小,"生命,魔攻,速度",硬化;天光;引燃;热砂,雪影娃娃,首领,紧张,"生命,魔攻,物防",暴风雪;冰墙;击鼓传花;赤子之心,圆号鱼,翼,沉默,"生命,物防,魔防",羽化加速;洗礼;水炮;泡沫幻影,True,
e14969a041be0d80a844c70f342209a0,1.0,pvp,jory,,进化之力,2026-4-18,2026-4-18,2026.4.18,恶魔狼,首领,开朗,"生命,物攻,速度",蝙蝠;有效预防;吞噬;闪燃,黑猫巫师,普通,保守,"生命,魔攻,速度",彗星;魔能爆;嗜痛;魔法增效,卡瓦重（雪山附近的样子）,冰,开朗,"物防,魔防,速度",筛管奔流;冰捆缚;速冻;冰雹,鳗尾兽,草,平和,"生命,物防,魔防",蓄势待发;酶浓度调整;地刺;遁地,权杖-Ⅴ,机械,平和,"生命,物防,魔防",钢铁洪流;轴承支撑;无畏之心;晒太阳,音速犬,火,开朗,"生命,物攻,速度",灼伤;焚烧烙印;跌落;当头棒喝,True,
fbb8008d78fd914195d895d36393d4cb,123,pvp,123,,强化术,2026-4-18,2026-4-18,123,红绒十字,普通,沉着,"生命,魔攻,魔防",赤子之心;除厄;火焰护盾;焚烧烙印,瞌睡王,普通,平和,"生命,物防,魔防",斩断;气沉丹田;有效预防;能量刃,烈火守护,龙,淘气,"生命,物防,魔防",双响炮;偷袭;彼岸之手;有效预防,兽花蕾,普通,狂妄,"生命,物防,魔防",徒长;移花接木;晒太阳;飞羽,水泡壳（蜕皮时的样子）,虫,沉着,"生命,物防,魔防",酶浓度调整;掩护;天洪;洗礼,针叶巡林,草,固执,"生命,物攻,物防",防御;光合作用;地刺;顶端优势,True,
a9a8ee0a73bf37906bec3bad3b9eec52,抽能,pvp,丁一郎,,进化之力,2026-4-17,2026-4-17,队如其名,寒音蛇（本来的样子）,毒,开朗,"生命,物攻,速度",示弱;撒娇;连续毒针;有效预防,花影羚羊,恶,平和,"生命,魔防,速度",隐藏条款;报复;勾魂;晒太阳,立方人,水,固执,"生命,物攻,速度",啮合传递;齿轮扭矩;轴承支撑;电弧,朔夜伊芙,幽,开朗,"生命,魔防,速度",隐藏条款;勾魂;恶意逃离;晒太阳,幽影树,首领,紧张,"生命,物防,魔防",勾魂;聚盐;虚化;穿膛,圆号鱼,水,沉默,"生命,物防,魔防",打湿;泡沫幻影;勾魂;水弹枪,True,
c3aeac8dab2b84f96e506b1717287b9b,1,pvp,1,,进化之力,2026-4-17,2026-4-17,1,白金独角兽,首领,胆小,"生命,魔攻,速度",折射;追打;气泡;回旋风暴,冰钻布鲁斯,冰,孤僻,"生命,物攻,速度",力量增效;先发制人;偷袭;冰雹,迪莫,武,天真,"生命,魔攻,速度",过曝;热砂;棘突;寒风吹,鸭吉吉（等一等鸭）,幻,稳重,"魔攻,物防,魔防",鼓劲;魔能爆;快速移动;伺机而动,鸭吉吉（紧实的样子）,幻,懒散,"魔攻,物防,魔防",魔法增效;音波弹;拍击;防御,鸭吉吉（蓬松的样子）,萌,淘气,"魔攻,物防,魔防",快速移动;吨位压制;热身运动;伺机而动,True,
e508bc8485c9e1926128918f95da7fb9,抽能,pvp,丁一郎,,进化之力,2026-4-17,2026-4-17,队如其名,寒音蛇（本来的样子）,毒,开朗,"生命,物攻,速度",示弱;撒娇;连续毒针;有效预防,花影羚羊,恶,平和,"生命,魔防,速度",隐藏条款;报复;勾魂;晒太阳,立方人,水,固执,"生命,物攻,速度",啮合传递;齿轮扭矩;轴承支撑;电弧,朔夜伊芙,幽,开朗,"生命,魔防,速度",隐藏条款;勾魂;恶意逃离;晒太阳,幽影树,首领,紧张,"生命,物防,魔防",勾魂;聚盐;虚化;穿膛,圆号鱼,水,沉默,"生命,物防,魔防",打湿;泡沫幻影;勾魂;水弹枪,True,
1637121c010de384ea6eff5da4e4501c,耗能队,pvp,小洛克,,进化之力,2026-4-16,2026-4-16,消耗对方能量，很恶心,蹦床松鼠,普通,沉默,"生命,物防,魔防",耀眼;休息回复;刺盾;突袭,獠牙猪,地,固执,"生命,物攻,物防",地刺;雪球;瞬间零度;暴风雪,奇丽花,首领,沉默,"生命,魔攻,魔防",纤维化;氧输送;叶绿光束;光能聚集,音速犬,电,开朗,"生命,物攻,速度",火云车;焚烧烙印;偷袭;过载回路,幽冥眼（闭眼的样子）,幽,胆小,"生命,魔攻,速度",报复;背袭;幽灵爆发;摇篮曲,圆号鱼,萌,沉默,"生命,魔防,速度",泡沫幻影;打湿;洗礼;甜心续航,True,
37ce93cb196f24e31c88fa24d339a93e,自用1,pvp,森亚露露葵,,进化之力,2026-4-16,2026-4-16,我是菜狗,白金独角兽,首领,胆小,"生命,魔攻,速度",折射;气泡;回旋风暴;追打,贝古斯,电,沉默,"生命,物防,魔防",燃尽;磁暴;有效预防;倾泻,冰钻布鲁斯,火,开朗,"生命,物攻,速度",先发制人;力量增效;冰雹;有效预防,黑猫巫师,首领,胆小,"生命,魔攻,速度",魔法增效;嗜痛;恐吓;魔能爆,圆号鱼,萌,胆小,"生命,魔攻,速度",洗礼;打湿;甜心续航;涌泉,秩序鱿墨,翼,开朗,"生命,物攻,速度",超级糖果;风墙;惊吓盒子;能量刃,True,
5634c1ff77785aeb9b5d03a213ce4657,冰队,pvp,薛定谔的drunk,,进化之力,2026-4-16,2026-4-16,随便,冰钻布鲁斯,冰,勇敢,"生命,物攻,魔防",力量增效;暴风雪;偷袭;先发制人,尖嘴狐仙,冰,固执,"生命,物攻,速度",火焰切割;焚烧烙印;冰墙;冬至,雪巨人,冰,固执,"生命,物攻,魔防",冰雹;一拳;惊吓盒子;报复,雪影娃娃,首领,固执,"生命,物攻,物防",冰墙;冬至;暴风雪;超级糖果,月牙雪熊,冰,固执,"生命,物攻,物防",先发制人;冰墙;鸣沙陷阱;冰雹,秩序鱿墨,翼,开朗,"生命,物攻,速度",风墙;幻象;能量刃;力量增效,True,
668aec0cbccf939afdd9e63515efe93c,冰队,pvp,薛定谔的drunk,,进化之力,2026-4-16,2026-4-16,随便,冰钻布鲁斯,冰,勇敢,"生命,物攻,魔防",力量增效;暴风雪;偷袭;先发制人,尖嘴狐仙,冰,固执,"生命,物攻,速度",火焰切割;焚烧烙印;冰墙;冬至,雪巨人,冰,固执,"生命,物攻,魔防",冰雹;一拳;惊吓盒子;报复,雪影娃娃,首领,固执,"生命,物攻,物防",冰墙;冬至;暴风雪;超级糖果,月牙雪熊,冰,固执,"生命,物攻,物防",先发制人;冰墙;鸣沙陷阱;冰雹,秩序鱿墨,翼,开朗,"生命,物攻,速度",风墙;幻象;能量刃;力量增效,True,
7badfbec1479f61a442bb9b828636acf,耗能队,pvp,小洛克,,进化之力,2026-4-16,2026-4-16,消耗对方能量，很恶心,蹦床松鼠,普通,沉默,"生命,物防,魔防",耀眼;休息回复;刺盾;突袭,獠牙猪,地,固执,"生命,物攻,物防",地刺;雪球;瞬间零度;暴风雪,奇丽花,首领,沉默,"生命,魔攻,魔防",纤维化;氧输送;叶绿光束;光能聚集,音速犬,电,开朗,"生命,物攻,速度",火云车;焚烧烙印;偷袭;过载回路,幽冥眼（闭眼的样子）,幽,胆小,"生命,魔攻,速度",报复;背袭;幽灵爆发;摇篮曲,圆号鱼,萌,沉默,"生命,魔防,速度",泡沫幻影;打湿;洗礼;甜心续航,True,
e2bbfe721f62c73834d1ee33cb1479be,地刺连接大脑 听桥代替思考,pvp,我真的会地刺的,,进化之力,2026-4-16,2026-4-16,打断流,波多西,机械,固执,"物攻,物防,魔防",地刺;齿轮切开;吓退;嗜痛,海豹船长,武,固执,"生命,物攻,速度",听桥;一拳;水刃;力量增效,瞌睡王,武,固执,"生命,物攻,物防",力量增效;斩断;有效预防;能量刃,棋绮后（白子）,首领,开朗,"物攻,物防,速度",影袭;听桥;有效预防;力量增效,食尘短绒,地,平和,"生命,物防,速度",沙涌;壁垒;地刺;倾泻,针叶巡林,草,固执,"生命,物攻,物防",防御;截拳;地刺;光合作用,True,
1027b4ecbd929f7027d36563e246ed39,星陨1,pvp,11122223333,,强化术,2026-4-15,2026-4-15,111,冰钻布鲁斯,地,固执,"生命,物攻,速度",先发制人;偷袭;冰雹;落石,怖哭菇,地,沉默,"生命,物防,魔防",错乱;冥想;星链;吓退,化蝶（平常的样子）,火,保守,"生命,魔攻,物防",引燃;破罐破摔;晒太阳;食腐,龙息帕尔,武,固执,"生命,物攻,速度",先发制人;极限撕裂;火云车;力量增效,落陨星兔,武,胆小,"生命,魔攻,速度",多维击打;灵光;化劲;吓退,秩序鱿墨,翼,开朗,"生命,物攻,速度",能量刃;风墙;倾泻;超级糖果,True,
13e43944c0da717facf8d8228c2038c8,状态冻伤,pvp,祁钰,,进化之力,2026-4-15,2026-4-15,pvp,冰钻布鲁斯,冰,忧郁,"生命,物攻,物防",力量增效;暴风雪;冰晶坠;冰雹,春花兔,草,沉默,"生命,物防,速度",富养化;汲取;芳香诱引;移花接木,尖嘴狐仙,火,忧郁,"生命,物防,速度",高温回火;冬至;火焰护盾;冰点,圣代甜甜（蓝莓巧克力口味）,冰,沉默,"生命,物防,速度",极寒领域;碎冰冰;冰点;霜天,水灵,水,冷静,"生命,魔攻,物防",魔法增效;潮汐;水炮;水泡盾,雪影娃娃,首领,忧郁,"生命,物攻,物防",冬至;冰点;冰墙;碎冰冰,True,
baa3d750c7c1da0df448e9d7ec1f5e1c,星陨1,pvp,11122223333,,强化术,2026-4-15,2026-4-15,111,冰钻布鲁斯,地,固执,"生命,物攻,速度",先发制人;偷袭;冰雹;落石,怖哭菇,地,沉默,"生命,物防,魔防",错乱;冥想;星链;吓退,化蝶（平常的样子）,火,保守,"生命,魔攻,物防",引燃;破罐破摔;晒太阳;食腐,龙息帕尔,武,固执,"生命,物攻,速度",先发制人;极限撕裂;火云车;力量增效,落陨星兔,武,胆小,"生命,魔攻,速度",多维击打;灵光;化劲;吓退,秩序鱿墨,翼,开朗,"生命,物攻,速度",能量刃;风墙;倾泻;超级糖果,True,
c2892f2f52ea8d685b5c8f40cfd99904,星陨1,pvp,11122223333,,强化术,2026-4-15,2026-4-15,111,冰钻布鲁斯,地,固执,"生命,物攻,速度",先发制人;偷袭;冰雹;落石,怖哭菇,地,沉默,"生命,物防,魔防",错乱;冥想;星链;吓退,化蝶（平常的样子）,火,保守,"生命,魔攻,物防",引燃;破罐破摔;晒太阳;食腐,龙息帕尔,武,固执,"生命,物攻,速度",先发制人;极限撕裂;火云车;力量增效,落陨星兔,武,胆小,"生命,魔攻,速度",多维击打;灵光;化劲;吓退,秩序鱿墨,翼,开朗,"生命,物攻,速度",能量刃;风墙;倾泻;超级糖果,True,
e061c850759619981298a9cd54e57d3e,猫猫队,pvp,一时天称,,进化之力,2026-4-15,2026-4-15,1,迪莫,机械,胆小,"生命,魔攻,速度",折射;棘突;光球;离子震荡,黑猫巫师,首领,胆小,"生命,魔攻,速度",魔法增效;魔能爆;嗜痛;彗星,梦想三三,萌,平和,"生命,物攻,物防",甜心续航;超级糖果;生日蛋糕;交叉闪电,魔力猫,草,沉默,"生命,物防,魔防",光合作用;光能聚集;纤维化;移花接木,怒目怂猫,武,平和,"生命,物攻,魔防",倾泻;截拳;有效预防;力量增效,朔夜伊芙,机械,开朗,"生命,魔攻,速度",缠丝劲;撕咬;等价交换;啮合传递,True,
f42790a6ca8d1e631e9edae147de09f0,大师千分雪天队,pvp,墨翊（洛克王国世界）,,进化之力,2026-4-15,2026-4-15,雪影首发觉醒看情况开天气，月牙熊和雪巨人是输出位，锤头罐联防机械和火系顺便给对方挂冻结，怕帕斯卡既是联防也是倾泻手，卡瓦重作为替补，可以用来抢天气。,锤头鹳,冰,沉默,"生命,物防,魔防",防御;洗礼;水炮;霜降,卡瓦重（雪山附近的样子）,冰,开朗,"生命,物防,速度",冬至;抽枝;防御;富养化,帕帕斯卡,机械,固执,"生命,物攻,速度",钢铁洪流;轴承支撑;倾泻;偷袭,雪巨人,冰,固执,"物攻,物防,魔防",雪替身;冰雹;一拳;惊吓盒子,雪影娃娃,首领,平和,"生命,物防,速度",冬至;暴风雪;超级糖果;冰墙,月牙雪熊,幻,固执,"生命,物攻,速度",冰天雪地;暴风雪;鸣沙陷阱;先发制人,True,
1c9ebdb5a9f1867476c7c6109c6b476b,冰队自用,pvp,风赤,,进化之力,2026-4-14,2026-4-14,一般雪影娃娃首发,尖嘴狐仙,冰,淘气,"生命,物防,魔防",火焰切割;冬至;火焰护盾;晒太阳,獠牙猪,冰,慎重,"生命,物防,魔防",地刺;滚雪球;雪球;冰爪,绒光优优,武,胆小,"生命,魔攻,速度",天光;流沙;贯手;硬化,雪影娃娃,冰,沉默,"生命,物防,魔防",甜心续航;冬至;冰墙;碎冰冰,椰浆布丁,水,保守,"生命,物攻,速度",泡沫幻影;水弹枪;阻断;冰墙,月牙雪熊,翼,固执,"生命,物攻,速度",吓退;风墙;先发制人;暴风雪,True,
42bab532f6fa0c1195fc7d70064ba74f,地刺队,pvp,VonL,,进化之力,2026-4-14,2026-4-14,简单无脑,布克棱岩,地,平和,"生命,物防,魔防",地刺;沙涌;遁地;报复,巨噬针鼹,普通,固执,"生命,物防,魔防",力量增效;防御;吞噬;地刺,棋绮后（黑子）,首领,固执,"生命,物防,魔防",影袭;听桥;鸣沙陷阱;抛石,食尘短绒,地,平和,"生命,物防,魔防",沙涌;地刺;遁地;倾泻,芋香巨角蛛,地,沉默,"生命,物防,魔防",以毒攻毒;毒液渗透;扬沙;防御,针叶巡林,草,固执,"生命,物攻,物防",抽枝;防御;光合作用;截拳,True,
50ca62673be7c975e025e6b16182d852,虫队11,pvp,11,,强化术,2026-4-14,2026-4-14,虫队叠奉献，遇上火队找情况上海枝枝，逼退的同时叠嘲弄,恶魔红钻,电,开朗,"生命,物攻,速度",飞断;虫击;极限撕裂;当头棒喝,海枝枝（碧蓝珊瑚）,电,保守,"生命,魔攻,速度",天洪;嘲弄;午夜噪音;涌泉,花衣蝶,普通,平和,"生命,物防,魔防",虫群智慧;虫结阵;虫群;假寐,巨噬针鼹,地,固执,"生命,物攻,物防",吞噬;力量增效;偷袭;有效预防,食尘短绒,翼,平和,"生命,物攻,物防",风墙;地刺;石锁;飞断,陨星虫,翼,开朗,"生命,物攻,速度",有效预防;虫群;假寐;羽翼庇护,True,
9e18098fee602bd32c7e153b1be0283d,冰队自用,pvp,风赤,,进化之力,2026-4-14,2026-4-14,一般雪影娃娃首发,尖嘴狐仙,冰,淘气,"生命,物防,魔防",火焰切割;冬至;火焰护盾;晒太阳,獠牙猪,冰,慎重,"生命,物防,魔防",地刺;滚雪球;雪球;冰爪,绒光优优,武,胆小,"生命,魔攻,速度",天光;流沙;贯手;硬化,雪影娃娃,冰,沉默,"生命,物防,魔防",甜心续航;冬至;冰墙;碎冰冰,椰浆布丁,水,保守,"生命,物攻,速度",泡沫幻影;水弹枪;阻断;冰墙,月牙雪熊,翼,固执,"生命,物攻,速度",吓退;风墙;先发制人;暴风雪,True,
a0d108df7af1cd3532125020dc7b62b0,无敌狼王,pvp,nav,,进化之力,2026-4-14,2026-4-14,可以,恶魔狼,首领,开朗,"生命,物攻,速度",蝙蝠;贪婪;先发制人;吞噬,黑猫巫师,普通,胆小,"生命,魔攻,速度",彗星;魔法增效;魔能爆;嗜痛,画间沉铁兽,普通,固执,"生命,物攻,速度",先发制人;力量增效;截拳;有效预防,卡瓦重（雪山附近的样子）,冰,开朗,"生命,物攻,速度",速冻;冰雹;筛管奔流;晒太阳,岚鸟（春天的样子）,普通,开朗,"生命,物攻,速度",龙卷风;闪击;筛管奔流;水刃,圣羽翼王,普通,开朗,"生命,物攻,速度",水刃;有效预防;疾风连袭;闪击,True,
1c574dd826998212873d086d15b6186e,爽吹队,pvp,苦渡drink,,进化之力,2026-4-13,2026-4-13,火神开场首领化看情况留还是打，双灯鱼留着给火神回能量保证火神反复上场叠层数螃蟹联防螃蟹能活下来就别让他死化蝶该卖就卖,化蝶（平常的样子）,萌,沉默,"生命,物防,魔防",破罐破摔;退化;摇篮曲;晒太阳,火神,首领,开朗,"生命,物攻,速度",热身;闪燃;吹火;山火,寂灭骨龙,武,固执,"生命,物攻,魔防",电弧;偷袭;隼鳞;吓退,利灯鱼,武,胆小,"生命,魔攻,速度",加大功率;倾泻;水光冲击;落雷,迷迷箱怪,翼,勇敢,"生命,物攻,魔防",风墙;啮合传递;齿轮切开;双星,绒光优优,光,胆小,"生命,魔攻,速度",放晴;虹光冲击;热砂;流沙,True,
46cc434112556758aedf5cb0fb686e00,火神平衡队,pvp,上官韶华,,进化之力,2026-4-13,2026-4-13,利用火神高速上场吹火叠加特性后期推队,火神,首领,开朗,"生命,物攻,速度",吹火;山火;暗突袭;火云车,寂灭骨龙,电,固执,"生命,物攻,魔防",电弧;报复;隼鳞;先发制人,巨噬针鼹,普通,固执,"生命,物攻,魔防",先发制人;力量增效;地刺;有效预防,奇丽花,首领,保守,"生命,魔攻,魔防",纤维化;叶绿光束;富养化;光能聚集,食尘短绒,翼,开朗,"生命,魔防,速度",地刺;倾泻;风墙;遁地,兽花蕾,萌,紧张,"生命,物防,魔防",退化;飞羽;叶绿光束;移花接木,True,
4b7d2db24a39dafd27b06f3a1da73d79,蓄势爆破队,pvp,酰酚,,进化之力,2026-4-13,2026-4-13,中东地沟油，看情况首领黑猫（对面魔攻主c）或晶石蜗牛（对面物攻主c），电球咩咩和利灯鱼轮转，应该基本不会有需要清理印记的情况,电球咩咩,电,开朗,"生命,物攻,速度",闪击折返;吓退;魔能爆;富养化,古卷匣魔像,武,保守,"生命,魔攻,物防",魔法增效;借用;蓄能轰击;虚假破产,黑猫巫师,首领,胆小,"生命,魔攻,速度",嗜痛;魔能爆;魔法增效;午夜噪音,晶石蜗（莲花刚玉的样子）,首领,紧张,"生命,魔攻,物防",蓄势待发;捧杀;逆袭;遁地,利灯鱼,电,保守,"生命,魔攻,速度",重击;强制重启;借用;加大功率,魔眷鸟,萌,开朗,"生命,物攻,速度",逆袭;防御;超级糖果;三连破,True,
59cb9f5bcd89a72502ec3b264b94ea55,爽吹队,pvp,苦渡drink,,进化之力,2026-4-13,2026-4-13,火神开场首领化看情况留还是打，双灯鱼留着给火神回能量保证火神反复上场叠层数螃蟹联防螃蟹能活下来就别让他死化蝶该卖就卖,化蝶（平常的样子）,萌,沉默,"生命,物防,魔防",破罐破摔;退化;摇篮曲;晒太阳,火神,首领,开朗,"生命,物攻,速度",热身;闪燃;吹火;山火,寂灭骨龙,武,固执,"生命,物攻,魔防",电弧;偷袭;隼鳞;吓退,利灯鱼,武,胆小,"生命,魔攻,速度",加大功率;倾泻;水光冲击;落雷,迷迷箱怪,翼,勇敢,"生命,物攻,魔防",风墙;啮合传递;齿轮切开;双星,绒光优优,光,胆小,"生命,魔攻,速度",放晴;虹光冲击;热砂;流沙,True,
6f536234e8ce6b689d15b2ee8c2fad0c,狼王,pvp,DHJ,,进化之力,2026-4-13,2026-4-13,给朋友的狼王队赔队,冰钻布鲁斯,冰,固执,"生命,物攻,速度",先发制人;丢冰块;偷袭;倾泻,恶魔狼,首领,开朗,"生命,物攻,速度",蝙蝠;有效预防;闪燃;吞噬,海枝枝（碧蓝珊瑚）,武,胆小,"生命,魔攻,速度",嘲弄;恐吓;贯手;天洪,黑猫巫师,普通,保守,"生命,魔攻,速度",彗星;魔法增效;魔能爆;精神扰乱,卡瓦重（雪山附近的样子）,翼,开朗,"生命,物攻,速度",速冻;筛管奔流;冰雹;摇篮曲,小皮球,草,保守,"生命,魔攻,速度",加大功率;电磁偏转;落雷;徒长,True,
8f47ae421be8c558be141f0d117af13d,111,pvp,11,,强化术,2026-4-13,2026-4-13,111,恶魔红钻,电,开朗,"生命,物攻,速度",虫击;当头棒喝;斩断;跌落,花衣蝶,普通,开朗,"生命,物防,速度",飞断;虫群智慧;虫结阵;假寐,巨噬针鼹,地,固执,"生命,物攻,物防",当头棒喝;偷袭;有效预防;吞噬,食尘短绒,翼,勇敢,"生命,物攻,魔防",风墙;虫群过境;地刺;飞断,游蛇魔使,虫,固执,"生命,物攻,物防",听桥;一拳;假寐;借用,陨星虫,翼,开朗,"生命,物攻,速度",虫群;借用;虫结阵;飞断,True,
c744b5abd21db2c9e859f03b1863bed5,平衡,pvp,Fsudoe,,强化术,2026-4-13,2026-4-13,自用,寂灭骨龙,电,平和,"生命,物防,魔防",隼鳞;虚化;先发制人;坟场搏击,游蛇魔使,水,平和,"生命,物防,魔防",打湿;晒太阳;听桥;影袭,兽花蕾,萌,紧张,"生命,物防,魔防",退化;叶绿光束;移花接木;飞羽,噼啪鸟,机械,开朗,"生命,物攻,速度",电弧;闪击;倾泻;啮合传递,绒光优优,火,胆小,"生命,魔攻,速度",放晴;天光;流沙;热砂,贝古斯,翼,固执,"生命,物攻,魔防",羽化加速;易燃物质;焚烧烙印;磁暴,True,
51ecde56d9e8b165e3dd310d359c2165,大运翼王,pvp,B站洛王,,强化术,2026-4-12,2026-4-12,借过一下,画间沉铁兽,冰,固执,"生命,物攻,物防",先发制人;力量增效;截拳;有效预防,岚鸟（本来的样子）,地,开朗,"生命,物攻,速度",力量增效;快速移动;闪击;速冻,落陨星兔,武,胆小,"生命,魔攻,速度",魔法增效;恐吓;坍缩;吓退,圣羽翼王,武,开朗,"生命,物攻,速度",力量增效;快速移动;闪击;疾风连袭,圆号鱼,萌,紧张,"生命,物防,魔防",洗礼;打湿;甜心续航;泡沫幻影,秩序鱿墨,翼,开朗,"生命,物攻,速度",风墙;能量刃;力量增效;超级糖果,True,
6cb9432f69ab141ba47853ba22adc15e,虫队,pvp,周星星,,强化术,2026-4-12,2026-4-12,虫鸣,恶魔红钻,电,固执,"生命,物攻,速度",草虫冲击;虫击;斩断;等价交换,风滚暮虫（金黄的样子）,电,胆小,"生命,魔攻,速度",虫鸣;追打;触底强击;热身运动,海豹船长,地,固执,"生命,物攻,速度",听桥;一拳;水刃;斩断,画间沉铁兽,幻,固执,"生命,物攻,速度",先发制人;截拳;回旋踢;能量刃,巨噬针鼹,幻,固执,"生命,物攻,物防",地刺;虫鸣;偷袭;当头棒喝,芋香巨角蛛,电,保守,"生命,魔攻,速度",虫鸣;防御;以毒攻毒;毒液渗透,True,
b3c26eee72b330024d48f8da3dbe0853,自用脑测,pvp,0.1,,强化术,2026-4-11,2026-4-11,000,冰钻布鲁斯,电,固执,"生命,物攻,速度",冰雹;力量增效;瞬间零度;倾泻,化蝶（幽冥眼的样子）,幽,胆小,"生命,物防,速度",掩护;晒太阳;精神扰乱;勾魂,幻影灵菇,翼,紧张,"生命,物防,魔防",纤维化;穿膛;惊吓盒子;降灵,夜枭,光,胆小,"生命,物防,速度",阻断;阳火增辉;虹光冲击;惊吓盒子,幽冥眼（睁眼的样子）,水,胆小,"生命,魔攻,速度",勾魂;报复;背袭;恐吓,秩序鱿墨,翼,开朗,"生命,物攻,速度",风墙;超级糖果;降灵;能量刃,True,
015f08222792ed84f5c97b2a7fa75931,幽影船长,pvp,一多,,进化之力,2026-4-10,2026-4-10,首发骑士，核心思路：消耗对面能量的同时多打应对， 给海豹增加攻击，最后用海豹收尾。,海豹船长,地,固执,"生命,物攻,物防",斩断;一拳;听桥;水环,画间沉铁兽,武,固执,"生命,物攻,物防",回旋踢;截拳;先发制人;力量增效,迷迷箱怪,机械,固执,"生命,物攻,物防",双星;后发制人;硬化;啮合传递,棋骑士（白子）,地,固执,"物攻,物防,速度",破绽;截拳;地刺;晒太阳,幽影树,首领,平和,"生命,物防,魔防",刺藤;休息回复;酶浓度调整;降灵,秩序鱿墨,翼,开朗,"生命,物攻,速度",风墙;惊吓盒子;气势一击;超级糖果,True,
03b3e71614867e5c662a9d6bb609cb01,沙暴,pvp,渠渊,,进化之力,2026-4-10,2026-4-10,我们 ... 移山填海，我们 ... 重铸天地。,冰钻布鲁斯,水,开朗,"生命,物攻,速度",冰雹;先发制人;有效预防;偷袭,布克棱岩,地,淘气,"生命,物防,魔防",沙涌;地刺;遁地;报复,巨噬针鼹,普通,固执,"生命,物攻,速度",力量增效;吞噬;有效预防;地刺,迷迷箱怪,翼,淘气,"物攻,物防,魔防",风墙;啮合传递;齿轮切开;双星,棋绮后（白子）,首领,开朗,"生命,物攻,速度",影袭;听桥;力量增效;鸣沙陷阱,食尘短绒,地,淘气,"生命,物防,魔防",沙涌;地刺;遁地;倾泻,True,
13128746074809add33c7b44d00c76d0,平衡武,pvp,果果果粒糖1,,强化术,2026-4-10,2026-4-10,细品,贝古斯,翼,沉默,"生命,魔攻,物防",燃尽;倾泻;磁暴;羽化加速,海豹船长,武,固执,"生命,物攻,物防",水刃;斩断;听桥;硬门,瞌睡王,冰,固执,"生命,物攻,魔防",斩断;能量刃;有效预防;应激反应,利灯鱼,火,保守,"生命,魔攻,速度",水光冲击;落雷;快速移动;倾泻,绒光优优,萌,胆小,"生命,魔攻,速度",热砂;天光;蓄势待发;遁地,小皮球,电,胆小,"生命,魔攻,速度",落雷;大爆炸;过载回路;防御,True,
2b6a97401c325efd4a52e9d4a6a70e8e,吃不了一点苦,pvp,777,,进化之力,2026-4-10,2026-4-10,全是机制全是数值,冰钻布鲁斯,冰,固执,"生命,物攻,物防",冰雹;有效预防;偷袭;先发制人,恶魔狼,首领,固执,"生命,物攻,速度",蝙蝠;吞噬;闪燃;先发制人,海豹船长,水,固执,"生命,物攻,速度",听桥;斩断;水刃;硬门,画间沉铁兽,普通,固执,"生命,物攻,物防",力量增效;先发制人;有效预防;截拳,卡瓦重（雪山附近的样子）,冰,开朗,"生命,魔防,速度",筛管奔流;晒太阳;冰雹;速冻,兽花蕾,萌,忧郁,"生命,魔攻,速度",根吸收;过曝;飞羽;移花接木,True,
550c3bfb5fa05cd7dd903151143d566f,平衡武,pvp,果果果粒糖1,,强化术,2026-4-10,2026-4-10,细品,贝古斯,翼,沉默,"生命,魔攻,物防",燃尽;倾泻;磁暴;羽化加速,海豹船长,武,固执,"生命,物攻,物防",水刃;斩断;听桥;硬门,瞌睡王,冰,固执,"生命,物攻,魔防",斩断;能量刃;有效预防;应激反应,利灯鱼,火,保守,"生命,魔攻,速度",水光冲击;落雷;快速移动;倾泻,绒光优优,萌,胆小,"生命,魔攻,速度",热砂;天光;蓄势待发;遁地,小皮球,电,胆小,"生命,魔攻,速度",落雷;大爆炸;过载回路;防御,True,
64e5af17fc39835439eeb0220fdd021f,雷电法王,pvp,cc,,强化术,2026-4-10,2026-4-10,通过技能主动离场，频繁切换电咩咩上场积攒感电被动,电球咩咩,电,急躁,"魔攻,魔防,速度",感电;落雷;闪击折返;吓退,化蝶（平常的样子）,火,马虎,"生命,魔攻,速度",破罐破摔;掩护;晒太阳;引燃,寂灭骨龙,恶,悠闲,"生命,物攻,物防",诡刺;隼鳞;偷袭;吓退,尖嘴狐仙,冰,懒散,"生命,魔攻,物防",焚烧烙印;火焰护盾;速冻;高温回火,绒光优优,光,浮躁,"生命,魔攻,速度",热砂;硬化;天光;流沙,圆号鱼,萌,大胆,"生命,物防,魔防",水炮;打湿;洗礼;甜心续航,True,
72c9a0f8662778b659ea51f8a1bb8740,吃不了一点苦,pvp,777,,进化之力,2026-4-10,2026-4-10,全是机制全是数值,冰钻布鲁斯,冰,固执,"生命,物攻,物防",冰雹;有效预防;偷袭;先发制人,恶魔狼,首领,固执,"生命,物攻,速度",蝙蝠;吞噬;闪燃;先发制人,海豹船长,水,固执,"生命,物攻,速度",听桥;斩断;水刃;硬门,画间沉铁兽,普通,固执,"生命,物攻,物防",力量增效;先发制人;有效预防;截拳,卡瓦重（雪山附近的样子）,冰,开朗,"生命,魔防,速度",筛管奔流;晒太阳;冰雹;速冻,兽花蕾,萌,忧郁,"生命,魔攻,速度",根吸收;过曝;飞羽;移花接木,True,
786b87d0a9c79c76df6c1879b0afebdf,测试功能队,pvp,轩轩轩123,,进化之力,2026-4-10,2026-4-10,测试一下上传功能是否能够正常使用,迪莫,普通,沉默,"生命,物攻,速度",猛烈撞击;闪光;防御;魔法增效,火神,普通,沉默,"生命,物攻,速度",力量增效;火苗;猛烈撞击;火焰切割,岚鸟（本来的样子）,普通,沉默,"生命,物攻,速度",啄击;力量增效;先发制人;乘风,魔力猫,普通,沉默,"生命,物攻,速度",抓挠;休息回复;棘突;扫尾,水灵,普通,沉默,"生命,物攻,速度",防御;拍击;甩水;气泡,鸭吉吉（蓬松的样子）,普通,沉默,"生命,物攻,速度",猛烈撞击;力量增效;扫尾;防御,True,
a6934e46762d3a6fca968e8e49811e1b,优灭三花咩斯队,pvp,飞行雪绒,,进化之力,2026-4-10,2026-4-10,游击战,贝古斯,翼,保守,"生命,魔攻,魔防",羽化加速;焚烧烙印;易燃物质;轴承支撑,电球咩咩,翼,胆小,"生命,魔攻,速度",闪击折返;感电;风墙;强制重启,寂灭骨龙,龙,固执,"生命,物攻,魔防",隼鳞;先发制人;偷袭;电弧,梦想三三,首领,紧张,"生命,物防,魔防",甜心续航;月光合奏;防御反击;叠势,绒光优优,地,胆小,"生命,魔攻,速度",热砂;放晴;天光;流沙,兽花蕾,萌,紧张,"生命,物防,魔防",叶绿光束;移花接木;飞羽;退化,True,
d30cdb0ec9047af1c84ab0db01eebc94,雷电法王,pvp,cc,,强化术,2026-4-10,2026-4-10,通过技能主动离场，频繁切换电咩咩上场积攒感电被动,电球咩咩,电,急躁,"魔攻,魔防,速度",感电;落雷;闪击折返;吓退,化蝶（平常的样子）,火,马虎,"生命,魔攻,速度",破罐破摔;掩护;晒太阳;引燃,寂灭骨龙,恶,悠闲,"生命,物攻,物防",诡刺;隼鳞;偷袭;吓退,尖嘴狐仙,冰,懒散,"生命,魔攻,物防",焚烧烙印;火焰护盾;速冻;高温回火,绒光优优,光,浮躁,"生命,魔攻,速度",热砂;硬化;天光;流沙,圆号鱼,萌,大胆,"生命,物防,魔防",水炮;打湿;洗礼;甜心续航,True,
d9cbe6d3ebd868f04b6e006698559a19,吃不了一点苦,pvp,777,,进化之力,2026-4-10,2026-4-10,全是机制全是数值,冰钻布鲁斯,冰,固执,"生命,物攻,物防",冰雹;有效预防;偷袭;先发制人,恶魔狼,首领,固执,"生命,物攻,速度",蝙蝠;吞噬;闪燃;先发制人,海豹船长,水,固执,"生命,物攻,速度",听桥;斩断;水刃;硬门,画间沉铁兽,普通,固执,"生命,物攻,物防",力量增效;先发制人;有效预防;截拳,卡瓦重（雪山附近的样子）,冰,开朗,"生命,魔防,速度",筛管奔流;晒太阳;冰雹;速冻,兽花蕾,萌,忧郁,"生命,魔攻,速度",根吸收;过曝;飞羽;移花接木,True,
e0c000f9f1d1cf0caf3d47c6c56d9035,综合阵容,pvp,师颜,,进化之力,2026-4-10,2026-4-10,打应对,迪莫,光,马虎,"物攻,魔攻,速度",折射;火焰箭;棘突;超导,画间沉铁兽,机械,固执,"物攻,魔防,速度",截拳;先发制人;力量增效;吞噬,火神,首领,马虎,"物攻,魔攻,速度",山火;闪燃;晒太阳;吹火,岚鸟（夏天的样子）,首领,开朗,"物攻,魔防,速度",先发制人;力量增效;闪燃;羽刃,龙息帕尔,恶,马虎,"物攻,魔攻,速度",撕裂;龙之利爪;蝙蝠;极限撕裂,水泡壳（蜕皮时的样子）,水,胆小,"生命,物防,魔防",水炮;无畏之心;水泡盾;硬门,True,
f614b3257c5fc9e4a8d6c7a7f4a516ac,测试功能队,pvp,轩轩轩123,,进化之力,2026-4-10,2026-4-10,测试一下上传功能是否能够正常使用,迪莫,普通,沉默,"生命,物攻,速度",猛烈撞击;闪光;防御;魔法增效,火神,普通,沉默,"生命,物攻,速度",力量增效;火苗;猛烈撞击;火焰切割,岚鸟（本来的样子）,普通,沉默,"生命,物攻,速度",啄击;力量增效;先发制人;乘风,魔力猫,普通,沉默,"生命,物攻,速度",抓挠;休息回复;棘突;扫尾,水灵,普通,沉默,"生命,物攻,速度",防御;拍击;甩水;气泡,鸭吉吉（蓬松的样子）,普通,沉默,"生命,物攻,速度",猛烈撞击;力量增效;扫尾;防御,True,
20dd7d450cadc479d3f9cc49c1c2439b,优优星陨帕尔,pvp,伊咪塔,,强化术,2026-4-9,2026-4-9,克制各种公式队，弱地武,贝古斯,翼,保守,"生命,魔攻,速度",羽化加速;易燃物质;啮合传递;焚烧烙印,怖哭菇,电,紧张,"生命,物防,魔防",先发制人;错乱;吓退;四维降解,龙息帕尔,冰,固执,"生命,物攻,速度",先发制人;蝙蝠;冰爪;火云车,落陨星兔,幽,胆小,"生命,魔攻,速度",大爆炸;灵媒;炎打;吓退,抹茶布丁,草,天真,"生命,魔攻,速度",叶绿光束;洗礼;蜡质膜;水刃,绒光优优,电,胆小,"生命,魔攻,速度",流沙;天光;热砂;退化,True,
37b85dfa412676034badf963dbd3a4f9,恶魔狼轮转,pvp,RideAlone,,进化之力,2026-4-9,2026-4-9,狼王保底或可参与轮转，水灵开印记降轮转耗能或者强化炮台，结合对局情况三首领选一。落陨星兔对策画间沉铁兽。,恶魔狼,首领,开朗,"生命,物攻,速度",蝙蝠;撕咬;当头棒喝;有效预防,落陨星兔,幻,胆小,"生命,魔攻,速度",嘲弄;灵光;大爆炸;晒太阳,水灵,首领,保守,"生命,魔攻,物防",泡沫幻影;水泡盾;潮汐;气泡,星光狮（月光能量的样子）,电,胆小,"生命,魔攻,速度",虹光冲击;超导;加大功率;阻断,音速犬,首领,开朗,"生命,物攻,速度",火云车;当头棒喝;摇篮曲;跌落,针叶巡林,草,固执,"生命,物攻,速度",针刺射击;截拳;地刺;防御,True,
88baa31ddcc204d45be86ab0d68c110d,武队,pvp,小仙王,,进化之力,2026-4-9,2026-4-9,不开沙暴,波多西,机械,固执,"生命,物攻,物防",轴承支撑;地刺;齿轮切开;壁垒,巨噬针鼹,冰,固执,"生命,物攻,速度",地刺;冰爪;有效预防;力量增效,瞌睡王,普通,固执,"生命,物攻,物防",斩断;化劲;有效预防;能量刃,岚鸟（秋天的样子）,地,固执,"生命,物攻,速度",羽化加速;水刃;跺地;有效预防,棋绮后（黑子）,首领,开朗,"生命,物攻,速度",影袭;鸣沙陷阱;有效预防;听桥,芋香巨角蛛,地,平和,"生命,物防,魔防",虫茧;晒太阳;扬沙;防御,True,
92424734ae46eaee231e82d9315a69fa,海吱吱阴人流,pvp,歌如丝缕,,强化术,2026-4-9,2026-4-9,伊芙只带等价交换防御，换完技能上海吱吱，对面开局辅助考虑直接愿力秒,海枝枝（碧蓝珊瑚）,幽,胆小,"生命,魔攻,速度",嘲弄;涌泉;摇篮曲;追打,朔夜伊芙,电,开朗,"生命,物攻,速度",隐藏条款;防御;力量增效;等价交换,鸭吉吉（等一等鸭）,普通,开朗,"生命,物攻,速度",魔法增效;音波弹;拍击;防御,鸭吉吉（紧实的样子）,普通,开朗,"生命,物攻,速度",魔法增效;音波弹;拍击;防御,鸭吉吉（蓬松的样子）,普通,开朗,"生命,物攻,速度",猛烈撞击;力量增效;扫尾;防御,鸭吉吉（起来鸭）,普通,开朗,"生命,物攻,速度",魔法增效;音波弹;拍击;防御,True,
346fe328f369581005c73fc2f7bc59b9,平衡,pvp,COLD,,强化术,2026-4-8,2026-4-8,联防平衡,寂灭骨龙,虫,平和,"生命,物防,魔防",掩护;先发制人;隼鳞;电弧,燃薪虫,恶,平和,"生命,物防,魔防",抽枝;引燃;火焰护盾;倾泻,绒光优优,火,胆小,"生命,魔攻,速度",放晴;天光;热砂;流沙,声波缇塔,电,开朗,"生命,物攻,速度",齿轮扭矩;地刺;轴承支撑;啮合传递,兽花蕾,萌,沉默,"生命,物防,魔防",退化;移花接木;叶绿光束;飞羽,圆号鱼,萌,沉默,"生命,物防,魔防",洗礼;打湿;甜心续航;泡沫幻影,True,
4389f1d875a66fbc19bdb1cfa2447637,0.o,pvp,0.o,,进化之力,2026-4-8,2026-4-8,0.o,海豹船长,水,固执,"生命,物攻,物防",斩断;水刃;听桥;硬门,画间沉铁兽,武,固执,"生命,物攻,速度",回旋踢;先发制人;有效预防;截拳,火神,首领,开朗,"生命,物攻,速度",火焰切割;扇风;暗突袭;复写,卡瓦重（雪山附近的样子）,冰,开朗,"生命,物攻,速度",速冻;筛管奔流;冰雹;冰捆缚,兽花蕾,萌,平和,"生命,物防,魔防",退化;叶绿光束;飞羽;移花接木,秩序鱿墨,翼,开朗,"生命,物攻,速度",倾泻;惊吓盒子;风墙;能量刃,True,
87110a0f85a0d336e08594c9b9a5a319,平衡狼队,pvp,网球社社长,,进化之力,2026-4-8,2026-4-8,平衡狼队,恶魔狼,恶,开朗,"生命,物攻,速度",蝙蝠;先发制人;火焰切割;吞噬,画间沉铁兽,武,固执,"生命,物攻,速度",先发制人;截拳;力量增效;有效预防,卡瓦重（雪山附近的样子）,地,开朗,"生命,物攻,速度",抽枝;冰雹;速冻;富养化,音速犬,火,开朗,"生命,物攻,速度",火云车;流星火雨;焚烧烙印;当头棒喝,圆号鱼,水,保守,"生命,魔攻,物防",涌泉;打湿;泡沫幻影;洗礼,秩序鱿墨,翼,开朗,"生命,物攻,速度",风墙;能量刃;超级糖果;惊吓盒子,True,
99fb75fd6550d5b8e90b01de8fbbeeb9,0.o,pvp,0.o,,进化之力,2026-4-8,2026-4-8,0.o,海豹船长,水,固执,"生命,物攻,物防",斩断;水刃;听桥;硬门,画间沉铁兽,武,固执,"生命,物攻,速度",回旋踢;先发制人;有效预防;截拳,火神,首领,开朗,"生命,物攻,速度",火焰切割;扇风;暗突袭;复写,卡瓦重（雪山附近的样子）,冰,开朗,"生命,物攻,速度",速冻;筛管奔流;冰雹;冰捆缚,兽花蕾,萌,平和,"生命,物防,魔防",退化;叶绿光束;飞羽;移花接木,秩序鱿墨,翼,开朗,"生命,物攻,速度",倾泻;惊吓盒子;风墙;能量刃,True,
a0df2969424804ab9ed5d3b506d660ab,应对队,pvp,阳间猫,,进化之力,2026-4-8,2026-4-8,自用,波多西,机械,平和,"生命,物攻,魔防",地刺;壁垒;啮合传递;齿轮切开,海豹船长,武,平和,"生命,物攻,魔防",斩断;硬门;水刃;听桥,獠牙猪,冰,平和,"生命,物攻,魔防",滚雪球;防御;瞬间零度;石锁,棋齐垒（白子）,首领,平和,"生命,物攻,物防",斩断;壁垒;鸣沙陷阱;力量增效,食尘短绒,地,平和,"生命,物攻,魔防",地刺;壁垒;石锁;倾泻,月牙雪熊,冰,平和,"生命,物攻,速度",冰雹;壁垒;冰点;吓退,True,
a746d52b88461141c8c2f556a910154f,平衡,pvp,COLD,,强化术,2026-4-8,2026-4-8,联防平衡,寂灭骨龙,虫,平和,"生命,物防,魔防",掩护;先发制人;隼鳞;电弧,燃薪虫,恶,平和,"生命,物防,魔防",抽枝;引燃;火焰护盾;倾泻,绒光优优,火,胆小,"生命,魔攻,速度",放晴;天光;热砂;流沙,声波缇塔,电,开朗,"生命,物攻,速度",齿轮扭矩;地刺;轴承支撑;啮合传递,兽花蕾,萌,沉默,"生命,物防,魔防",退化;移花接木;叶绿光束;飞羽,圆号鱼,萌,沉默,"生命,物防,魔防",洗礼;打湿;甜心续航;泡沫幻影,True,
43753a4502a09291fa2b2f44cd636ced,奉献虫队,pvp,一只小菜虫,,强化术,2026-4-7,2026-4-7,恶魔红钻：首发，电血脉可以克制水和翼系，上场后可以直接愿力强化打突袭，大概率可以一发带走或者打残，配合其他技能斩杀对方获得5次随机奉献。,白金独角兽,火,胆小,"生命,魔攻,速度",过曝;叶绿光束;超导;气泡,恶魔红钻,电,开朗,"生命,物攻,速度",虫击;草虫冲击;跌落;等价交换,花衣蝶,虫,平和,"生命,物防,魔防",虫群;虫群智慧;虫结阵;飞断,化蝶（奇丽花的样子）,电,胆小,"生命,魔防,速度",麻痹;晒太阳;摇篮曲;退化,铠甲虫,翼,平和,"生命,物防,魔防",风墙;虫群过境;倾泻;吓退,陨星虫,翼,开朗,"生命,物防,速度",虫群;羽翼庇护;有效预防;吓退,True,
908af2d9ba666d9f414d12e0e53b7d99,星陨克星,pvp,MC小莫,,强化术,2026-4-7,2026-4-7,除了高速高爆发都打得过，遇到叠叠乐就爽了,公平鸽,普通,胆小,"物防,魔防,速度",摇篮曲;蓄能轰击;吞噬;防反,画间沉铁兽,武,固执,"生命,物攻,速度",截拳;先发制人;吞噬;有效预防,龙息帕尔,恶,固执,"生命,物攻,速度",隐藏条款;防御;力量增效;伪造账单,罗隐,恶,固执,"生命,物攻,物防",泥浆铠甲;地刺;地震;暗突袭,音速犬,火,固执,"生命,物攻,速度",引燃;焚烧烙印;火云车;防御,针叶巡林,武,固执,"生命,物攻,速度",散手;影袭;盛开;化劲,True,
942c87c764f17a2b649036d8f927c850,1,pvp,君曰其鄙,,强化术,2026-4-7,2026-4-7,1,迪莫,普通,急躁,"生命,物防,魔防",火焰箭;过曝;超导;冰爪,画间沉铁兽,武,固执,"生命,物攻,速度",截拳;回旋踢;有效预防;先发制人,皇家狮鹫（崖间地的样子）,翼,开朗,"生命,物攻,速度",扇风;龙卷风;羽化加速;乘风,落陨星兔,幽,保守,"生命,魔攻,速度",多维击打;有效预防;嘲弄;防御,鳗尾兽,普通,平和,"生命,物防,魔防",岩脉崩毁;遁地;地刺;酶浓度调整,椰浆布丁,水,沉默,"生命,魔防,速度",阻断;泡沫幻影;魔法增效;魔能爆,True,
9ee3f70c45e0368cdd9501b06cf9c2ee,雪天受队,pvp,木神,,进化之力,2026-4-7,2026-4-7,拖雪天，多轮转。,寂灭骨龙,龙,平和,"生命,物防,魔防",隼鳞;报复;电弧;偷袭,尖嘴狐仙,冰,平和,"生命,物防,魔防",焚烧烙印;火焰护盾;冬至;火焰切割,嗜波螺,地,平和,"生命,物防,魔防",陨石;气泡;水泡盾;遁地,小皮球,电,沉默,"生命,魔攻,速度",落雷;大爆炸;加大功率;过载回路,雪影娃娃,首领,平和,"生命,物攻,物防",冬至;生日蛋糕;冰墙;冰晶坠,月牙雪熊,冰,平和,"生命,物攻,速度",双星;冰天雪地;先发制人;暴风雪,True,
a82f2bbc8f3b54ff709d22e8756bc464,反击受队,pvp,涙如哀歌,,进化之力,2026-4-7,2026-4-7,首发看对方阵容上三三or蜘蛛  强化手无克制上蜘蛛 克制地虫上三三   棋后是用来兜底的  钢铁是拿来强化推队 要多防吓退 能量不够那就直接原地聚气（有打断就切，遇事不决可以卖 记住你的核心是电环外的所有）  海豹是反打高手 听斩成为大脑，硬门代替思考，大师段位多整点出其不意 有奇效,波多西,恶,平和,"生命,物防,魔防",岩土暴击;啮合传递;等价交换;地刺,海豹船长,武,固执,"生命,物攻,速度",听桥;斩断;水刃;硬门,荆棘电环,电,平和,"物防,魔防,速度",速冻;晒太阳;倾泻;操控,梦想三三,首领,平和,"物防,魔防,速度",甜心续航;反弹;超级糖果;电磁偏转,棋绮后（白子）,机械,固执,"生命,物攻,速度",借用;啮合传递;听桥;跺地,食尘短绒,恶,平和,"生命,物防,魔防",报复;壁垒;地刺;取念,True,
c238af681e81b1c0dfa9cbe75f29bcda,星陨克星,pvp,MC小莫,,强化术,2026-4-7,2026-4-7,除了高速高爆发都打得过，遇到叠叠乐就爽了,公平鸽,普通,胆小,"物防,魔防,速度",摇篮曲;蓄能轰击;吞噬;防反,画间沉铁兽,武,固执,"生命,物攻,速度",截拳;先发制人;吞噬;有效预防,龙息帕尔,恶,固执,"生命,物攻,速度",隐藏条款;防御;力量增效;伪造账单,罗隐,恶,固执,"生命,物攻,物防",泥浆铠甲;地刺;地震;暗突袭,音速犬,火,固执,"生命,物攻,速度",引燃;焚烧烙印;火云车;防御,针叶巡林,武,固执,"生命,物攻,速度",散手;影袭;盛开;化劲,True,
f49cf5dcc1cc60bda72417d905930216,雪天受队,pvp,木神,,进化之力,2026-4-7,2026-4-7,拖雪天，多轮转。,寂灭骨龙,龙,平和,"生命,物防,魔防",隼鳞;报复;电弧;偷袭,尖嘴狐仙,冰,平和,"生命,物防,魔防",焚烧烙印;火焰护盾;冬至;火焰切割,嗜波螺,地,平和,"生命,物防,魔防",陨石;气泡;水泡盾;遁地,小皮球,电,沉默,"生命,魔攻,速度",落雷;大爆炸;加大功率;过载回路,雪影娃娃,首领,平和,"生命,物攻,物防",冬至;生日蛋糕;冰墙;冰晶坠,月牙雪熊,冰,平和,"生命,物攻,速度",双星;冰天雪地;先发制人;暴风雪,True,
ffd8b16a872e32917dba8d3e862123ae,星陨克星,pvp,MC小莫,,强化术,2026-4-7,2026-4-7,除了高速高爆发都打得过，遇到叠叠乐就爽了,公平鸽,普通,胆小,"物防,魔防,速度",摇篮曲;蓄能轰击;吞噬;防反,画间沉铁兽,武,固执,"生命,物攻,速度",截拳;先发制人;吞噬;有效预防,龙息帕尔,恶,固执,"生命,物攻,速度",隐藏条款;防御;力量增效;伪造账单,罗隐,恶,固执,"生命,物攻,物防",泥浆铠甲;地刺;地震;暗突袭,音速犬,火,固执,"生命,物攻,速度",引燃;焚烧烙印;火云车;防御,针叶巡林,武,固执,"生命,物攻,速度",散手;影袭;盛开;化劲,True,
0e791cf3a7b93ee05dac9310341cb85d,内战翼王毒队独角兽全面手,pvp,咕咚  咕噜,,进化之力,2026-4-6,2026-4-6,90胜率不败内战  打毒独角兽翼王多面手,恶魔狼,首领,开朗,"生命,物攻,速度",先发制人;吞噬;蝙蝠;闪燃,黑猫巫师,普通,胆小,"生命,魔攻,速度",彗星;魔法增效;魔能爆;主场优势,卡瓦重（雪山附近的样子）,普通,开朗,"生命,物攻,速度",速冻;筛管奔流;虫击;冰雹,落陨星兔,幽,胆小,"生命,魔攻,速度",嘲弄;吓退;坍缩;恐吓,声波缇塔,机械,开朗,"生命,物攻,速度",齿轮扭矩;轴承支撑;地刺;啮合传递,秩序鱿墨,翼,开朗,"生命,物攻,速度",超级糖果;能量刃;风墙;倾泻,True,
1674614a512cfe917e71625bac074d65,电表倒转,pvp,略略略,,强化术,2026-4-6,2026-4-6,利用电系轮转，不断叠加威力。或者持续防御应对敌人后，海豹对账上阵推队。玩法有较强博弈行，上限极高,电球咩咩,幽,胆小,"生命,物防,速度",富养化;感电;魔能爆;吓退,海豹船长,水,固执,"生命,物攻,速度",斩断;水刃;硬门;泡沫幻影,荆棘电环,虫,胆小,"生命,物防,速度",落雷;增程电池;强制重启;操控,抹茶布丁,电,胆小,"生命,物防,速度",洗礼;水环;魔能爆;叶绿光束,绒光优优,普通,胆小,"物防,魔防,速度",泥浆;棘刺;流沙;休息回复,小皮球,恶,胆小,"生命,物防,速度",感电;借用;加大功率;吓退,True,
4a23a499f8cc9a0fa7c0f69aa76a29e4,魔能爆炸弹队,pvp,阳间猫,,强化术,2026-4-6,2026-4-6,脑测配队，暂时还没实战过，不知道实际效果怎么样，可能会很爽,电球咩咩,水,胆小,"生命,魔攻,速度",富养化;电磁偏转;落雷;魔能爆,古卷执政官,普通,孤僻,"物攻,魔攻,速度",魔能爆;有效预防;斩断;透射,荆棘电环,水,胆小,"生命,魔攻,速度",勾魂;晒太阳;加大功率;魔能爆,九幽菇,草,紧张,"生命,物防,魔防",魔能爆;蜡质膜;徒长;富养化,巨灵石,地,马虎,"生命,魔攻,物防",魔能爆;防御;丢冰块;鬼火,小皮球,草,沉默,"生命,物防,魔防",大爆炸;吓退;加大功率;徒长,True,
4d91474b7b044a167694fd5fca9fa699,超级肉盾流,pvp,阳间猫,,进化之力,2026-4-6,2026-4-6,数值这一块,蹦床松鼠,普通,紧张,"生命,物攻,物防",影袭;硬门;突袭;吓退,荆棘电环,电,胆小,"生命,魔攻,速度",落雷;加大功率;晒太阳;勾魂,獠牙猪,冰,固执,"生命,物攻,速度",地刺;防御;滚雪球;冰雹,鳗尾兽,机械,紧张,"生命,物防,魔防",聚盐;纤维化;抽枝;地刺,迷迷箱怪,光,紧张,"生命,物防,魔防",磁暴;能量守恒;双星;虹光冲击,圣剑-X,首领,固执,"物攻,物防,魔防",啮合传递;齿轮切开;有效预防;齿轮扭矩,True,
bab372b0dd2ec2d407eacd45b1687c32,种族队,pvp,简,,强化术,2026-4-6,2026-4-6,迪莫首发，火，地，冰三属性，依靠强种族值灵活对抗,布克棱岩,地,固执,"物攻,物防,魔防",惊吓盒子;虚假破产;地刺;岩土暴击,迪莫,光,开朗,"生命,物攻,速度",冰爪;热砂;火焰箭;藤绞,火焰猿,火,固执,"物攻,物防,魔防",地刺;吹火;焚烧烙印;有效预防,瞌睡王,普通,固执,"物攻,物防,魔防",技巧打击;冰雹;有效预防;垂死反击,鳗尾兽,草,平和,"生命,物防,魔防",聚盐;地刺;酶浓度调整;岩土暴击,雪巨人,冰,固执,"物攻,物防,魔防",雪替身;冰雹;一拳;惊吓盒子,True,
10a70bdef80c325f95689efd6ef33583,邪恶队,pvp,阿诺拉克,,进化之力,2026-4-5,2026-4-5,非常邪恶！,恶魔狼,首领,固执,"生命,物攻,速度",吞噬;蝙蝠;先发制人;伪造账单,画间沉铁兽,武,固执,"生命,物攻,速度",能量刃;先发制人;有效预防;惊吓盒子,龙息帕尔,恶,开朗,"生命,物攻,速度",蝙蝠;欺诈契约;先发制人;有效预防,落陨星兔,幽,沉着,"生命,物防,速度",吓退;晒太阳;精神扰乱;星轨裂变,朔夜伊芙,翼,开朗,"生命,物攻,速度",撕咬;蝙蝠;羽化加速;有效预防,乌拉塔（极昼的样子）,火,固执,"生命,物攻,魔防",力量增效;当头棒喝;流星火雨;趁火打劫,True,
780735237815599993ecbfc6279e35b5,万能应对流,pvp,弌,,进化之力,2026-4-5,2026-4-5,上限很高 主流队都能打,波多西,地,平和,"生命,物防,魔防",地刺;刺盾;轴承支撑;齿轮扭矩,海豹船长,水,固执,"生命,物攻,物防",斩断;听桥;泡沫幻影;水刃,晶石蜗（西瓜碧玺的样子）,草,淘气,"生命,物防,魔防",地刺;蜡质膜;潮汐;冰墙,棋绮后（白子）,地,固执,"生命,物攻,物防",影袭;听桥;先发制人;鸣沙陷阱,食尘短绒,地,淘气,"生命,物防,魔防",掩护;地刺;石锁;倾泻,针叶巡林,武,固执,"生命,物防,魔防",散手;抽枝;防御;能量刃,True,
917addb0ac5640019834a04e69468feb,狼王队,pvp,赵立秋,,进化之力,2026-4-5,2026-4-5,111,恶魔狼,首领,开朗,"生命,物攻,速度",蝙蝠;先发制人;吞噬;火焰切割,黑猫巫师,幽,胆小,"魔攻,物防,速度",魔能爆;彗星;魔法增效;灵媒,化蝶（平常的样子）,虫,胆小,"生命,魔攻,速度",破罐破摔;甜心续航;晒太阳;嗜痛,皇家狮鹫（崖间地的样子）,翼,开朗,"生命,物防,速度",羽化加速;疾风刺;三连破;缠丝劲,卡瓦重（雪山附近的样子）,水,开朗,"物防,魔防,速度",速冻;筛管奔流;泡沫;丰饶,音速犬,首领,开朗,"生命,物攻,速度",灼伤;焚烧烙印;跌落;当头棒喝,True,
dc777be6587a4998d1cbc2e1c162eeb9,均衡克制队,pvp,咸鱼配虾米,,强化术,2026-4-5,2026-4-5,电系火狗首发，愿力冲击可以抓各种水系。冰瞌睡王10能量可以稳吃21层被动狼王，冰愿力博弈大运翼王。机械绒光优优应对萌队。冠希哥切出来无脑石锁抓对面掉点。主要保火狗能力状态用于反制和抓人。,海豹船长,冰,开朗,"生命,物攻,速度",水刃;硬门;斩断;听桥,瞌睡王,冰,固执,"生命,物攻,物防",斩断;有效预防;能量刃;一拳,绒光优优,机械,胆小,"生命,魔攻,速度",天光;反弹;精神扰乱;赤子之心,石冠王蜥（球球尾巴的样子）,翼,平和,"生命,物防,魔防",风墙;地刺;血气;石锁,音速犬,电,开朗,"生命,物攻,速度",焚烧烙印;当头棒喝;火云车;热身,秩序鱿墨,翼,开朗,"生命,物攻,速度",甜心续航;风墙;惊吓盒子;超级糖果,True,
096d185cbd7d7f3ebf1397217ec6fe63,三C位平衡对队,pvp,过山车征服者,,进化之力,2026-4-4,2026-4-4,首领黑猫作为一号C位多进行首发站场（面对对面挂湿润印记，给他挂，我们魔法增效）,斑枭,翼,胆小,"生命,魔攻,速度",回旋风暴;魔法增效;倾泻;恐吓,公平鸽,机械,平和,"生命,物防,速度",影袭;嗜痛;吞噬;啮合传递,黑猫巫师,首领,胆小,"生命,魔攻,速度",魔法增效;魔能爆;彗星;恐吓,化蝶（平常的样子）,机械,急躁,"生命,魔防,速度",闪击;啮合传递;爆米花爆破;生日蛋糕,利灯鱼,电,保守,"生命,魔攻,速度",落雷;水光冲击;魔法增效;倾泻,音速犬,火,开朗,"生命,物攻,速度",灼伤;当头棒喝;跌落;防御,True,
0e2a651a9b0d97af908b54029f059eef,水斗猜拳队,pvp,Smox,,强化术,2026-4-4,2026-4-4,"非常规队伍,利用应对类技能的高收益强迫敌人陪你玩猜拳游戏,拒绝陷入敌人节奏,孤高地将胜利纳入自己的流向",海豹船长,冰,固执,"生命,物攻,魔防",硬门;先发制人;水刃;斩断,画间沉铁兽,龙,固执,"生命,物攻,魔防",回旋踢;截拳;先发制人;应激反应,卡瓦重（雪山附近的样子）,恶,开朗,"生命,物攻,速度",筛管奔流;冰雹;取念;速冻,音速犬,火,开朗,"生命,物攻,速度",麻痹;当头棒喝;焚烧烙印;跌落,游蛇魔使,机械,固执,"生命,物攻,速度",啮合传递;听桥;摇篮曲;影袭,秩序鱿墨,翼,开朗,"生命,物攻,速度",能量刃;风墙;惊吓盒子;无畏之心,True,
3e9311d809be258a1285b8922db42722,雪天队,pvp,龙苏,,强化术,2026-4-4,2026-4-4,ww,画间法师手,光,胆小,"魔攻,物防,速度",虹光冲击;大爆炸;先发制人;有效预防,幻影灵菇,武,紧张,"生命,物攻,魔防",酶浓度调整;报复;抽枝;惊吓盒子,尖嘴狐仙,地,固执,"生命,物攻,速度",焚烧烙印;火焰护盾;火焰切割;冬至,卡瓦重（雪山附近的样子）,电,开朗,"生命,物防,速度",筛管奔流;冬至;冰捆缚;暴风雪,嗜波螺,电,淘气,"生命,魔攻,物防",气泡;陨石;水泡盾;遁地,月牙雪熊,恶,固执,"生命,物攻,速度",冰点;冰墙;先发制人;鸣沙陷阱,True,
9f715e99436e3dd5aaa466c345f9d9ec,速度沙暴队,pvp,李铁手,,进化之力,2026-4-4,2026-4-4,常规开局路路光合印记再给皇后加永久170速度，然后切天气手嗜波螺开沙暴（技能特性一局至少能开两次），之后尽可能多用地系技能给皇后叠层，皇后上场前最好再开一次沙暴，三回合后能做到0能耗秒人,白发路路,草,沉默,"生命,物防,魔防",示弱;击鼓传花;光合作用;晒太阳,巨噬针鼹,冰,固执,"生命,物攻,魔防",地刺;吞噬;冰爪;有效预防,卡瓦重（沙地附近的样子）,草,开朗,"生命,物防,速度",地刺;富养化;抽枝;晒太阳,棋绮后（黑子）,首领,开朗,"物攻,物防,速度",鸣沙陷阱;听桥;寸拳;抛石,食尘短绒,地,平和,"生命,物防,魔防",石锁;壁垒;地刺;掩护,嗜波螺,地,平和,"生命,物防,魔防",水泡盾;水刃;蓄水;沙涌,True,
ebe5019820c647e07e8c3d8d7cc30930,平衡队,pvp,苏醒,,强化术,2026-4-4,2026-4-4,平衡队,贝古斯,草,保守,"生命,魔攻,速度",倾泻;离子震荡;轴承支撑;燃尽,翠顶夫人,电,开朗,"生命,魔攻,速度",水刃;飞羽;风矢;嗜痛,画间沉铁兽,普通,固执,"生命,物攻,速度",先发制人;截拳;有效预防;飞踢,绒光优优,幽,胆小,"生命,魔攻,速度",流沙;天光;热砂;勾魂,针叶巡林,电,固执,"生命,物攻,速度",防御;藤绞;地刺;截拳,秩序鱿墨,翼,开朗,"生命,物攻,速度",风墙;能量刃;超级糖果;倾泻,True,
f72a714b26014df127ce1b2385688a51,帕尔队,pvp,星绘,,强化术,2026-4-4,2026-4-4,帕尔队,春花兔,草,沉默,"生命,物防,魔防",倾泻;甜心续航;酶浓度调整;汲取,卡瓦重（雪山附近的样子）,水,开朗,"生命,物攻,速度",速冻;抽枝;暴风雪;晒太阳,龙息帕尔,武,固执,"生命,物攻,速度",彼岸之手;恶念交换;俯冲猛击;有效预防,石冠王蜥（本来的样子）,翼,平和,"生命,物防,魔防",石锁;嗜痛;风墙;地刺,朔夜伊芙,机械,开朗,"生命,物攻,速度",撕咬;啮合传递;击鼓传花;欺诈契约,音速犬,火,开朗,"生命,物攻,速度",火云车;当头棒喝;焚烧烙印;跌落,True,
11afc5802b25f2fd5eff37b3cd8aed8e,非传统自爆,pvp,芙,,进化之力,2026-4-3,2026-4-3,11,恶魔狼,首领,开朗,"生命,物攻,速度",蝙蝠;吞噬;火焰切割;先发制人,古卷执政官,普通,胆小,"生命,魔攻,速度",彗星;魔能爆;有效预防;先发制人,黑猫巫师,普通,胆小,"生命,魔攻,速度",魔法增效;魔能爆;许愿星;无畏之心,画间沉铁兽,冰,固执,"生命,物攻,速度",先发制人;有效预防;截拳;冰爪,卡瓦重（雪山附近的样子）,翼,胆小,"生命,物攻,速度",筛管奔流;冰雹;风矢;速冻,权杖-Ⅴ,普通,胆小,"生命,魔防,速度",彗星;无畏之心;休息回复;离子震荡,True,
5b5cc7685a8b48c60b5e48e600e76fac,游击队,pvp,鲸鱼cowbi,,进化之力,2026-4-3,2026-4-3,毒守替有没有懂的,画间沉铁兽,普通,固执,"生命,物攻,速度",先发制人;截拳;气沉丹田;有效预防,爵士鹿,首领,开朗,"生命,物攻,速度",闪击折返;过载回路;远程访问;暗突袭,魔力猫,草,沉默,"生命,物防,魔防",孢子;酶浓度调整;剧毒;光能聚集,千棘盔（本来的样子）,首领,沉默,"生命,物防,魔防",剧毒;毒雾;泡沫幻影;感染病,月亮砣（下弦的样子）,毒,沉默,"生命,物防,魔防",泡沫幻影;剧毒;毒雾;毒液渗透,秩序鱿墨,恶,平和,"生命,物防,魔防",捧杀;等价交换;力量吞噬;能量刃,True,
dc148c3c7a511f73d51e66c07ff9f7d4,1,pvp,1,,进化之力,2026-4-3,2026-4-3,1,海豹船长,恶,固执,"生命,物攻,魔防",等价交换;听桥;斩断;水刃,里拉鳐,萌,胆小,"生命,魔防,速度",光合作用;甜心续航;防御;潮汐,兽花蕾,萌,胆小,"生命,魔防,速度",叶绿光束;移花接木;晒太阳;飞羽,伊贝粉粉,火,沉默,"生命,物防,魔防",光能聚集;酶浓度调整;蜡质膜;光合作用,幽影树,首领,大胆,"生命,物防,魔防",幽灵爆发;酶浓度调整;坟场搏击;虚化,针叶巡林,武,固执,"生命,物攻,速度",抽枝;截拳;能量刃;防御,True,
fe8fd5fd83d6135416c70b006bc772e2,帕尔队,pvp,星绘,,强化术,2026-4-3,2026-4-3,以帕尔为核心组建的队伍,斑枭,翼,开朗,"生命,物攻,速度",飞羽;羽刃;惊吓盒子;阻断,春花兔,草,平和,"生命,物防,魔防",抽枝;倾泻;酶浓度调整;甜心续航,卡瓦重（雪山附近的样子）,冰,开朗,"生命,物攻,速度",速冻;抽枝;暴风雪;晒太阳,龙息帕尔,恶,固执,"生命,物攻,速度",彼岸之手;俯冲猛击;恶念交换;有效预防,朔夜伊芙,机械,开朗,"生命,物攻,速度",撕咬;欺诈契约;击鼓传花;啮合传递,音速犬,地,开朗,"生命,物攻,速度",火云车;当头棒喝;焚烧烙印;跌落,True,
1aacda089e5dd797d4bbeeb069fe8b91,雷暴队,pvp,彩券,,强化术,2026-4-2,2026-4-2,闪电鳗鱼先手放双联脉冲切雷光狮打雷暴,化蝶（平常的样子）,火,马虎,"魔攻,物防,速度",破罐破摔;掩护;引燃;晒太阳,画间沉铁兽,普通,固执,"生命,物攻,速度",惊吓盒子;有效预防;先发制人;截拳,帕帕斯卡,机械,固执,"生命,物攻,速度",俯冲猛击;齿轮扭矩;轴承支撑;倾泻,闪电鳗鱼,冰,固执,"生命,魔攻,速度",水光冲击;泡沫幻影;双联脉冲;雷暴,星光狮（星光能量的样子）,冰,胆小,"生命,魔攻,速度",过载回路;超导;雷暴;埋伏,翼龙,龙,开朗,"生命,物攻,速度",龙爪;力量增效;羽刃;取念,True,
24ee0b58a531a32ae6b2783fb0d1746b,星陨队变阵,pvp,龙苏,,强化术,2026-4-2,2026-4-2,1,怖哭菇,虫,沉着,"生命,物防,魔防",错乱;冥想;掩护;突袭,黑猫巫师,电,保守,"生命,魔攻,速度",魔法增效;魔能爆;彗星;嗜痛,画间沉铁兽,普通,固执,"物攻,魔防,速度",先发制人;力量增效;截拳;有效预防,酷拉,水,固执,"生命,物攻,速度",闪击折返;泡沫;三连破;飞踢,龙息帕尔,龙,固执,"生命,物攻,速度",极限撕裂;力量增效;防御;先发制人,落陨星兔,幽,胆小,"生命,魔攻,速度",恐吓;嘲弄;炎打;坍缩,True,
d949448ed086aaf6b5df0d11d9e1b2db,可靠的背影,pvp,黄半仙,,进化之力,2026-4-2,2026-4-2,可靠的背影，猥琐的正脸,蹦蹦花（短毛球形态）,火,沉默,"生命,物防,魔防",孢子;蜡质膜;根吸收;移花接木,里拉鳐,火,平和,"生命,物防,魔防",潮汐;摇篮曲;棘刺;洗礼,鳗尾兽,火,紧张,"生命,物防,魔防",火焰护盾;抽枝;地刺;聚盐,千棘盔（磨损的样子）,火,沉默,"生命,物防,速度",泡沫幻影;疫病吐息;毒雾;剧毒,雪影娃娃,首领,平和,"生命,物防,魔防",冰墙;冰点;甜心续航;暴风雪,秩序鱿墨,翼,开朗,"生命,魔防,速度",能量刃;捧杀;风墙;虚化,True,
f6dcaea8325b594634b3256b9dc806c7,平衡狼王,pvp,Cens7,,进化之力,2026-4-2,2026-4-2,首发黑猫尽量下人，靠鱿鱼和化蝶轮换为海枝枝和提塔提供强化机会，狼王兜底。,恶魔狼,首领,开朗,"生命,物攻,速度",先发制人;蝙蝠;有效预防;吞噬,海枝枝（翠绿纶布）,武,胆小,"生命,魔攻,速度",贯手;午夜噪音;嘲弄;天洪,黑猫巫师,普通,保守,"生命,魔攻,速度",嗜痛;乱打;彗星;魔法增效,化蝶（平常的样子）,火,沉默,"生命,物防,魔防",掩护;引燃;破罐破摔;咆哮,声波缇塔,地,开朗,"生命,物攻,速度",啮合传递;轴承支撑;地刺;齿轮扭矩,秩序鱿墨,翼,开朗,"生命,物攻,速度",风墙;能量刃;超级糖果;倾泻,True,
ba5b6fcbdb6aa17674cbca57efc37bd7,幻队,pvp,涙如哀歌,,强化术,2026-3-31,2026-3-31,陨星运转，帕尔斩杀,怖哭菇,幻,沉默,"生命,物防,魔防",错乱;冥想;恐吓;吓退,化蝶（平常的样子）,幻,沉默,"生命,物防,魔防",反弹;超维投射;掩护;捆缚,龙息帕尔,恶,胆小,"生命,物攻,速度",彼岸之手;有效预防;当头棒喝;先发制人,落陨星兔,幻,胆小,"生命,魔攻,速度",恐吓;二律背反;多维击打;有效预防,魔草巫灵,幽,沉默,"生命,物防,魔防",酶浓度调整;心灵洞悉;超维投射;勾魂,仪式巨像,翼,胆小,"生命,魔攻,速度",落石;硬化;多维击打;羽化加速,True,
9670a93d629488d565779622be50a094,影悠影,pvp,爱做梦,,光合治愈,2026-3-20,2026-3-20,耗能队罗隐雪影兜底,幻影灵菇,首领,平和,"生命,物攻,物防",坟场搏击;溶解液;虚化;当头棒喝,罗隐,首领,固执,"生命,物攻,物防",彼岸之手;贪婪;地刺;崩拳,梦悠悠（穿星星睡衣的样子）,冰,沉默,"生命,魔防,速度",剧毒;退化;应激反应;背袭,雪影娃娃,首领,固执,"生命,物攻,速度",逆向演化;超级糖果;赤子之心;霜降,幽冥眼（闭眼的样子）,机械,沉默,"生命,物防,魔防",精神扰乱;小偷小摸;贪婪;背袭,幽影树,首领,平和,"生命,物防,魔防",小偷小摸;坟场搏击;移花接木;降灵,True,
6e4385a7140ccebdd753f9c104e59b14,沙暴无脑地刺队,pvp,小洛克,,进化之力,2025-11-24,2025-11-24,解放大脑，沙暴一开按住地刺就完事了,布克棱岩,武,平和,"生命,物防,魔防",地刺;遁地;硬化;当头棒喝,巨噬针鼹,武,平和,"生命,物攻,速度",地刺;加固;力量增效;当头棒喝,怒目怂猫,冰,固执,"生命,物攻,速度",地刺;藤鞭;截拳;倾泻,棋绮后（白子）,首领,固执,"生命,物攻,速度",落石;硬化;预备势;影袭,食尘短绒,水,平和,"生命,魔防,速度",遁地;地刺;裂石;硬化,芋香巨角蛛,萌,沉默,"生命,物防,速度",毒液渗透;毒针;加固;当头棒喝,True,
7fb63881ecb682c75e12127e70518d7c,沙暴无脑地刺队,pvp,小洛克,,进化之力,2025-11-24,2025-11-24,解放大脑，沙暴一开按住地刺就完事了,布克棱岩,武,平和,"生命,物防,魔防",地刺;遁地;硬化;当头棒喝,巨噬针鼹,武,平和,"生命,物攻,速度",地刺;加固;力量增效;当头棒喝,怒目怂猫,冰,固执,"生命,物攻,速度",地刺;藤鞭;截拳;倾泻,棋绮后（白子）,首领,固执,"生命,物攻,速度",落石;硬化;预备势;影袭,食尘短绒,水,平和,"生命,魔防,速度",遁地;地刺;裂石;硬化,芋香巨角蛛,萌,沉默,"生命,物防,速度",毒液渗透;毒针;加固;当头棒喝,True,
c9a17398343974714f58b1b2acf6b5c3,雪天联防队,pvp,under_dian,,进化之力,2025-10-15,2025-10-15,自用,海枝枝（碧蓝珊瑚）,幽,胆小,"生命,魔攻,速度",天洪;涌泉;灵媒;拍击,尖嘴狐仙,冰,沉默,"生命,魔攻,物防",吹火;天火;冬至;冰墙,卡瓦重（雪山附近的样子）,地,开朗,"生命,物攻,速度",筛管奔流;跺地;暴风雪;力量增效,獠牙猪,翼,开朗,"生命,物攻,速度",地刺;暴风雪;风墙;冰墙,小皮球,电,胆小,"生命,魔攻,速度",超导;大爆炸;加大功率;防御,雪影娃娃,首领,平和,"生命,物防,魔防",暴风雪;爆米花爆破;冬至;冰墙,True,
1bf22eed9ba50a65e22cdc3d125b54e9,天命武队,pvp,赛文,https://space.bilibili.com/289211336,进化之力,2025-9-14,2025-9-14,体系的答案，阵容的顶点，,格斗小八,翼,平和,"生命,物防,魔防",听桥;风墙;斩断;超级糖果,化蝶（平常的样子）,火,开朗,"生命,物攻,速度",超级糖果;生日蛋糕;晒太阳;引燃,怒目怂猫,普通,平和,"生命,物防,魔防",地刺;倾泻;截拳;借用,棋绮后（白子）,首领,开朗,"生命,物攻,速度",鸣沙陷阱;硬化;抛石;力量增效,绅士鸡,普通,胆小,"生命,魔攻,速度",翼击;炎打;倾泻;借用,小皮球,普通,胆小,"生命,魔攻,速度",加大功率;落雷;大爆炸;防御,True,
97bb282135e86acba7c3470c072a0637,最终进化萌队,pvp,秋希莫,https://space.bilibili.com/1416276,节流术,2025-9-8,2025-9-8,最后两天打上天梯第一的配置,化蝶（平常的样子）,水,开朗,"生命,物攻,速度",生日蛋糕;晒太阳;超级糖果;玩具乐园,菊花梨,水,保守,"生命,魔攻,物防",阻断;幼态延续;倾泻;玩具乐园,立方人,水,开朗,"生命,物攻,速度",生日蛋糕;捧杀;齿轮扭矩;超级糖果,龙鱼,水,开朗,"生命,物攻,速度",水刃;龙之舞;借用;龙之利爪,圣代甜甜,水,胆小,"生命,魔攻,速度",生日蛋糕;冷风;阻断;倾泻,朔夜伊芙,水,开朗,"生命,物攻,速度",生日蛋糕;蝙蝠;超级糖果;有效预防,True,
da569edf86fd188dd4fcc89b65ae2c3a,雨天队,pvp,抖音柠念,,进化之力,2025-8-30,2025-8-30,雨天速冻 起手速冻  鸭哥暴力输出,彩蝶鲨,首领,胆小,"生命,魔攻,速度",涌泉;泡沫幻影;速冻;湿润印记,化蝶（平常的样子）,火,开朗,"生命,物攻,速度",引燃;生日蛋糕;超级糖果;晒太阳,皇家狮鹫（高山地的样子）,翼,开朗,"生命,物攻,速度",羽化加速;啄击;散手;光之矛,晶石蜗（西瓜碧玺的样子）,草,紧张,"生命,物防,魔防",天光;地刺;蜡质膜;遁地,卷毛鸭,冰,开朗,"生命,物攻,速度",筛管奔流;崩拳;冰爪;水刃,熔岩布丁,火,固执,"生命,物攻,速度",水刃;闪燃;泡沫幻影;火焰切割,True,
deb30895a57cab232187f40d2330c2fd,强势毒队,pvp,叉夜犬,https://space.bilibili.com/17904773?spm_id_from=333.337.0.0,光合治愈,2025-5-12,2025-5-12,毒队代表整容很强,蹦蹦花（象牙球形态）,草,沉默,"生命,魔攻,物防",疫病吐息;毒液渗透;酶浓度调整;移花接木,化蝶（平常的样子）,火,开朗,"生命,物攻,速度",引燃;晒太阳;生日蛋糕;超级糖果,琉璃水母,草,沉默,"生命,魔攻,物防",水环;水炮;甩水;泡沫幻影,石冠王蜥（球球尾巴的样子）,翼,平和,"生命,物攻,物防",毒囊;地刺;遁地;风墙,小皮球,火,保守,"生命,物攻,物防",电磁偏转;闪击折返;落雷;大爆炸,月亮砣（上弦的样子）,草,沉默,"生命,魔攻,物防",疫病吐息;毒液渗透;借用;泡沫幻影,True,
229c7290520b07e2f62419993225b3c9,棋契陛下武队,pvp,帕门&不语,,进化之力,2025-4-26,2025-4-26,截拳连接大脑，听桥代替思考。,海豹船长,武,开朗,"生命,物攻,速度",斩断;水刃;有效预防;听桥,健猫教练,武,开朗,"生命,物攻,速度",截拳;冰雹;取念;借用,壳栗丝鼠,翼,平和,"生命,物防,魔防",毒囊;不可接触;风墙;无畏之心,噼啪鸟,翼,胆小,"生命,魔攻,速度",超导;磁暴;倾泻;翼击,棋绮后（白子）,首领,开朗,"生命,物攻,速度",重击;抛石;石锁;听桥,游蛇魔使,武,胆小,"生命,魔攻,速度",气泡;涌泉;泡沫幻影;听桥,True,
b0477e428668249ae5be0897eb1e98ed,多核多c多灵主2.5,pvp,哈密i哈密,https://space.bilibili.com/3493296028518793/dynamic?spm_id_from=333.1007.0.0,光合治愈,2025-4-26,2025-4-26,多灵主特性是吸取队内精灵属性最高的一项属性（不是吸种族值最高），所以挂件的性格个体加点务必按照阵容内推荐搭配，挂件精灵除窃光蚊技能可按自己需求更改。,泥吼牙,地,害羞,"物攻,物防,速度",羽化加速;落石;地刺;倾泻,多灵主,草,开朗,"物攻,物防,速度",水刃;力量增效;借用;晒太阳,落陨星兔,冰,沉着,"魔攻,魔防,速度",坍缩;恐吓;有效预防;霜降,卡瓦重（沙地附近的样子）,翼,坦率,"物攻,物防,速度",地刺;筛管奔流;力量增效;风矢,鳗尾兽,草,紧张,"生命,物攻,魔攻",地刺;火焰护盾;藤绞;光能聚集,海豹船长,恶,淘气,"物攻,物抗,速度",斩断;水环;硬门;等价交换,True,
5c93f9caa2f31359e7ce8439b365d444,萌化队,pvp,夏冰,,节流术,2025-4-19,2025-4-19,萌化队,遁地鼠（枯水期的样子）,水,固执,"生命,物攻,物防",泥沼;地刺;魔能爆;先发制人,化蝶（平常的样子）,水,开朗,"生命,物防,速度",玩具乐园;晒太阳;食腐;逆向演化,卡洛儿,水,保守,"生命,魔攻,魔防",撒娇;涌泉;有效预防;幼态延续,梦想三三,水,平和,"生命,物防,魔防",玩具乐园;月光合奏;电磁偏转;超级糖果,魔眷鸟,水,开朗,"生命,物攻,速度",生日蛋糕;啄击;月光合奏;倾泻,朔夜伊芙,水,开朗,"生命,物攻,速度",蝙蝠;月光合奏;生日蛋糕;有效预防,True,
77cf83f36933da774cc51020218ddbf3,雷暴队,pvp,夏冰,,闪焰爆发,2025-4-19,2025-4-19,雷暴队,健猫教练,火,开朗,"生命,物攻,速度",冰雹;截拳;一拳;先发制人,酷拉,火,急躁,"物攻,魔攻,速度",雷暴;电弧;影袭;超导,鳗尾兽,火,平和,"生命,物攻,魔防",纤维化;遁地;岩土暴击;抽枝,闪电鳗鱼,火,胆小,"生命,魔攻,速度",双联脉冲;雷暴;集中;水炮,小皮球,火,胆小,"生命,魔攻,速度",落雷;大爆炸;电磁偏转;超导,星光狮（星光能量的样子）,火,胆小,"生命,魔攻,速度",雷暴;埋伏;流火;过载回路,True,
7b6b0667d970553368aab3ac48fc9aa9,pve,pve,醉无缘,,强化术,2026-5-5,2026-5-5,pve,疾光千兽,光,固执,"生命,物攻,速度",热身运动;三连破;光之矛;透射,龙息帕尔,恶,固执,"生命,物攻,速度",蝙蝠;力量增效;隼鳞;火云车,罗隐,恶,悠闲,"生命,物攻,物防",钧势;鸣沙陷阱;贪婪;泥浆铠甲,燃薪虫,草,平和,"生命,物防,魔防",引燃;充分燃烧;灼伤;纤维化,朔夜伊芙,机械,害羞,"物攻,物防,速度",贪婪;等价交换;撕咬;啮合传递,乌拉塔（极昼的样子）,火,勇敢,"生命,物攻,物防",暗突袭;火焰切割;怒火;贪婪,True,
cc20b123c4439f6fecac3375238f27d9,自用,pve,陨星,,强化术,2026-5-5,2026-5-5,自用,彩蝶鲨,水,胆小,"生命,魔攻,速度",贮藏;天洪;防御;快速移动,海豹船长,恶,开朗,"生命,物攻,速度",听桥;一拳;斩断;等价交换,卷毛鸭,武,开朗,"生命,物攻,速度",斩断;一拳;有效预防;力量增效,圣羽翼王,翼,开朗,"生命,物攻,速度",快速移动;力量增效;防御;闪击,水灵,恶,胆小,"生命,魔攻,速度",落雨;天洪;吓退;等价交换,圆号鱼,恶,胆小,"生命,物防,速度",打湿;润泽;水炮;贪婪,True,
6297e61412f610397da8f85fdc3caaba,无敌虫队,pve,流萤碟后,,进化之力,2026-5-2,2026-5-2,虫队奉献是为了给流萤镶钻，好贵呢要5k洛克钻。PVP和PVE超强队伍，玩好这队伍你就等于玩好所有。花蝴蝶女孩属于拉客妹站场叠美丽的成功捷进，铠甲虫dady和化蝶女孩是自我保护，防御的同时叠奉献。尤其是碰上了连击队铠甲虫一波就能叠出很多层奉献。我红只是个母亲高额的白板攻击面板状态类一个虫击下去就秒了，让敌方冰冷的生命变成温暖的奉献。属于博弈类适合开场或者中途博弈的如果不会可以换成扫地机器人或者骨龙。毕竟我红只是个母亲！最后叠好奉献后陨星虫和你蜂直接轰动演出秒了！！！,恶魔红钻,武,开朗,"生命,物攻,速度",虫击;草虫冲击;等价交换;斩断,花魁蜂后,首领,开朗,"生命,物攻,速度",虫群;有效预防;翅刃;龙卷风,花衣蝶,虫,平和,"生命,物防,魔防",虫群智慧;虫结阵;虫群;晒太阳,化蝶（平常的样子）,虫,认真,"魔攻,物防,魔防",晒太阳;破罐破摔;捆缚;退化,铠甲虫,翼,平和,"生命,物防,魔防",吓退;虫结阵;气势一击;风墙,陨星虫,翼,开朗,"生命,物攻,速度",虫群;啃咬;羽翼庇护;假寐,True,
2faa04993119a7a0c156d5a244a709df,简单武队,pve,Demod,,强化术,2026-5-1,2026-5-1,开局打湿太有操作了,海豹船长,电,固执,"物攻,物防,速度",一拳;水刃;斩断;听桥,巨噬针鼹,普通,固执,"生命,物攻,速度",吞噬;有效预防;地刺;力量增效,瞌睡王,武,固执,"生命,物攻,速度",斩断;气沉丹田;能量刃;有效预防,迷迷箱怪,翼,平和,"生命,物防,魔防",啮合传递;风墙;双星;主轴,食尘短绒,虫,平和,"生命,物防,速度",壁垒;岩土暴击;遁地;地刺,游蛇魔使,水,沉默,"生命,物防,速度",听桥;打湿;潮涌;晒太阳,True,
2c4d4193dab2ed8abaf5aca2eb66679f,pve,pve,阿姨,,强化术,2026-4-18,2026-4-18,不知道咋样,迪莫,光,天真,"物攻,魔攻,速度",魔法增效;棘突;折线冲击;潮涌,酷拉,电,调皮,"物攻,魔攻,速度",球状闪电;防御;超导;闪击折返,罗隐,地,淘气,"生命,物防,速度",暗突袭;贪婪;地刺;鸣沙陷阱,奇丽花,首领,急躁,"物攻,物防,速度",纤维化;叶绿光束;富养化;顶端优势,燃薪虫,火,平和,"生命,物防,魔防",引燃;充分燃烧;纤维化;灼伤,翼龙,翼,固执,"生命,物攻,物防",龙爪;龙之利爪;俯冲猛击;羽化加速,True,
45100e10b1eed6242da487eb6bd7ea03,星光对决罗隐,pve,墨染奕梦,,强化术,2026-4-14,2026-4-14,先上卡瓦重等精灵挂debuff给对面，然后天鹅强化切罗隐登场，随后强化后的罗隐直接推队,翠顶夫人,恶,平和,"生命,物防,魔防",等价交换;力量增效;泡沫幻影;风隐,卡瓦重（雪山附近的样子）,冰,开朗,"生命,物攻,速度",速冻;冰雹;筛管奔流;抽枝,罗隐,恶,固执,"生命,物攻,物防",暗突袭;地刺;鸣沙陷阱;蝙蝠,鸭吉吉（急急急鸭）,普通,沉默,"魔攻,物防,魔防",猛烈撞击;力量增效;扫尾;防御,鸭吉吉（紧实的样子）,普通,沉默,"魔攻,物防,魔防",魔法增效;音波弹;拍击;防御,鸭吉吉（蓬松的样子）,普通,沉默,"魔攻,物防,魔防",猛烈撞击;力量增效;扫尾;防御,True,
63d89317c104d5540e3561b7920474c5,星光对决首领水灵,pve,墨染奕梦,,进化之力,2026-4-14,2026-4-14,通过天鹅强化水灵推队，根据配置可以携带圆号鱼挂湿润印记多贪一点,翠顶夫人,水,平和,"生命,物防,魔防",润泽;水刃;风隐;乘风,水灵,首领,保守,"生命,魔攻,魔防",水泡盾;天洪;水炮;有效预防,鸭吉吉（等一等鸭）,普通,沉默,"魔攻,物防,魔防",魔法增效;音波弹;拍击;防御,鸭吉吉（急急急鸭）,普通,沉默,"魔攻,物防,魔防",猛烈撞击;力量增效;扫尾;防御,鸭吉吉（紧实的样子）,普通,沉默,"魔攻,物防,魔防",魔法增效;音波弹;拍击;防御,鸭吉吉（蓬松的样子）,普通,沉默,"魔攻,物防,魔防",猛烈撞击;力量增效;扫尾;防御,True,
e6ca02dda25d3d6cc1ce7d78bd5a3e8d,pve波多西,pve,墨染奕梦,,强化术,2026-4-14,2026-4-14,通过水泡壳等精灵复读防御给后台的波多西加buff，然后上天鹅给波多西上强化，根据情况波多西也可以携带草血脉技能,波多西,机械,固执,"生命,物攻,物防",啮合传递;地刺;能量守恒;鸣沙陷阱,翠顶夫人,恶,沉默,"生命,魔攻,速度",等价交换;力量增效;水刃;风隐,水泡壳（本来的样子）,水,保守,"生命,物防,魔防",泡沫幻影;水炮;后发制人;天洪,鸭吉吉（急急急鸭）,普通,沉默,"魔攻,物防,魔防",猛烈撞击;力量增效;扫尾;防御,鸭吉吉（紧实的样子）,普通,沉默,"魔攻,物防,魔防",魔法增效;音波弹;拍击;防御,鸭吉吉（蓬松的样子）,普通,沉默,"魔攻,物防,魔防",猛烈撞击;力量增效;扫尾;防御,True,
f57069a35a9f91be094cc706ef8384f3,大世界PVE的基础阵容,pve,桑尼,,强化术,2026-4-13,2026-4-13,只是一套前期可直接用的基础PVE阵容，而且都是轻易就能获得的精灵，如果你是新手打算自己慢慢玩，不去找人帮你开地图的话就用这些精灵吧，足够应对前期大部分的剧情和露天对战了！,迪莫,光,天真,"物攻,魔攻,速度",抽枝;天洪;超导;光刃,岚鸟（春天的样子）,首领,固执,"生命,物攻,速度",羽化加速;抽枝;水刃;闪击,罗隐,地,固执,"生命,物攻,物防",贪婪;地陷;泥浆铠甲;鸣沙陷阱,燃薪虫,火,平和,"生命,物防,魔防",引燃;充分燃烧;抽枝;火焰护盾,朔夜伊芙,恶,固执,"生命,物攻,速度",贪婪;撕咬;热身运动;三连破,水灵,水,聪明,"生命,魔攻,魔防",天洪;水泡盾;水炮;洗礼,True,
6a68e2d7724732eaf4ba2d7e89b600a2,星光对决强化岚鸟,pve,墨染奕梦,,进化之力,2026-4-8,2026-4-8,天鹅通过水环力量增效给岚鸟提前铺路，随后换上岚鸟进行收割，根据自身练度可以考虑是否首领进化，岚鸟只需要羽化加速然后无脑闪击就可以。,翠顶夫人,水,胆小,"生命,魔攻,速度",力量增效;乘风;水环;水刃,岚鸟（本来的样子）,翼,开朗,"生命,物攻,速度",风起;乘风;羽化加速;闪击,鸭吉吉（等一等鸭）,普通,沉默,"魔攻,物防,魔防",魔法增效;音波弹;拍击;防御,鸭吉吉（急急急鸭）,普通,沉默,"魔攻,物防,魔防",猛烈撞击;力量增效;扫尾;防御,鸭吉吉（紧实的样子）,普通,沉默,"魔攻,物防,魔防",魔法增效;音波弹;拍击;防御,鸭吉吉（蓬松的样子）,普通,沉默,"魔攻,物防,魔防",猛烈撞击;力量增效;扫尾;防御,True,
7c512fb55e077153a9d7868b354b3a00,星光对决罗隐强化推队,pve,墨染奕梦,,强化术,2026-4-8,2026-4-8,开局可以水刃然后复读力量增效，有血脉可以带恶血脉天鹅，然后罗隐贪婪或者一直地震,翠顶夫人,水,开朗,"生命,魔攻,速度",力量增效;水刃;水环;飞羽,罗隐,地,固执,"生命,物攻,物防",贪婪;地震;力量增效;先发制人,鸭吉吉（等一等鸭）,普通,沉默,"生命,物攻,魔攻",魔法增效;音波弹;拍击;防御,鸭吉吉（急急急鸭）,普通,沉默,"生命,物攻,魔攻",猛烈撞击;力量增效;扫尾;防御,鸭吉吉（紧实的样子）,普通,沉默,"生命,物攻,魔攻",魔法增效;音波弹;拍击;防御,鸭吉吉（蓬松的样子）,普通,沉默,"生命,物攻,魔攻",猛烈撞击;力量增效;扫尾;防御,True,
a005f2e00bb398787751606a52c5e956,星光对决恶魔狼首领推队,pve,墨染奕梦,,进化之力,2026-4-8,2026-4-8,开局卡瓦重首发挂速冻然后尽可能送掉卡瓦重加随便一个（也可以是卡瓦重）然后天鹅上buff站场到死换恶魔狼收割,翠顶夫人,恶,开朗,"生命,魔攻,速度",等价交换;水刃;力量增效;乘风,恶魔狼,恶,固执,"生命,物攻,速度",先发制人;火焰切割;吞噬;蝙蝠,卡瓦重（雪山附近的样子）,草,开朗,"生命,物攻,速度",速冻;冰雹;筛管奔流;丰饶,鸭吉吉（急急急鸭）,普通,天真,"物防,魔防,速度",见招拆招;猛烈撞击;力量增效;扫尾,鸭吉吉（紧实的样子）,普通,天真,"物防,魔防,速度",魔法增效;音波弹;拍击;防御,鸭吉吉（蓬松的样子）,普通,天真,"物防,魔防,速度",猛烈撞击;力量增效;扫尾;防御,True,
2f9ce1aa836071d372e6292feccefdc1,0406星光阵容1,pve,实习生Cherubim,,强化术,2026-4-7,2026-4-7,1,白金独角兽,光,沉默,"魔攻,物防,魔防",许愿星;魔法增效;虹光冲击;防御,翠顶夫人,水,沉默,"魔攻,物防,魔防",鸣叫;飞羽;防御;潮涌,火神,火,沉默,"魔攻,物防,魔防",猛烈撞击;火苗;力量增效;火焰切割,咔咔鸟,普通,胆小,"生命,魔攻,速度",暴风眼;音波弹;防御;魔法增效,魔力猫,草,沉默,"魔攻,物防,魔防",抓挠;休息回复;棘突;扫尾,水灵,水,沉默,"魔攻,物防,魔防",防御;拍击;甩水;气泡,True,
71bfe05533e2a1bbcecda3dcde1c6357,咔咔鸟单通,pve,fyh,,强化术,2026-4-7,2026-4-7,无需养成，开局凹对面出鸭吉吉，放两次风暴眼后，复读音波蛋推队,白金独角兽,光,沉默,"魔攻,物防,魔防",许愿星;魔法增效;虹光冲击;防御,翠顶夫人,水,沉默,"魔攻,物防,魔防",鸣叫;飞羽;防御;潮涌,火神,火,沉默,"魔攻,物防,魔防",猛烈撞击;火苗;力量增效;火焰切割,咔咔鸟,翼,保守,"生命,魔攻,速度",音波弹;暴风眼;防御;魔法增效,魔力猫,草,沉默,"魔攻,物防,魔防",抓挠;休息回复;棘突;扫尾,水灵,水,沉默,"魔攻,物防,魔防",甩水;拍击;防御;气泡,True,
c65ede0cca257fe9ba4f687b55b79196,咔咔鸟单通,pve,fyh,,强化术,2026-4-7,2026-4-7,无需养成，开局凹对面出鸭吉吉，放两次风暴眼后，复读音波蛋推队,白金独角兽,光,沉默,"魔攻,物防,魔防",许愿星;魔法增效;虹光冲击;防御,翠顶夫人,水,沉默,"魔攻,物防,魔防",鸣叫;飞羽;防御;潮涌,火神,火,沉默,"魔攻,物防,魔防",猛烈撞击;火苗;力量增效;火焰切割,咔咔鸟,翼,保守,"生命,魔攻,速度",音波弹;暴风眼;防御;魔法增效,魔力猫,草,沉默,"魔攻,物防,魔防",抓挠;休息回复;棘突;扫尾,水灵,水,沉默,"魔攻,物防,魔防",甩水;拍击;防御;气泡,True,
dab481a2cf0c0000d7388313296ac8be,咔咔鸟单通,pve,fyh,,强化术,2026-4-7,2026-4-7,无需养成，开局凹对面出鸭吉吉，放两次风暴眼后，复读音波蛋推队,白金独角兽,光,沉默,"魔攻,物防,魔防",许愿星;魔法增效;虹光冲击;防御,翠顶夫人,水,沉默,"魔攻,物防,魔防",鸣叫;飞羽;防御;潮涌,火神,火,沉默,"魔攻,物防,魔防",猛烈撞击;火苗;力量增效;火焰切割,咔咔鸟,翼,保守,"生命,魔攻,速度",音波弹;暴风眼;防御;魔法增效,魔力猫,草,沉默,"魔攻,物防,魔防",抓挠;休息回复;棘突;扫尾,水灵,水,沉默,"魔攻,物防,魔防",甩水;拍击;防御;气泡,True,
28b279787588739b9a1a9914c8de6acb,。。。,pve,。。。,,进化之力,2026-4-6,2026-4-6,高攻速，高续航,迪莫,龙,稳重,"魔攻,魔防,速度",闪光冲击;升龙咆哮;天洪;超导,尖嘴狐仙,光,稳重,"魔攻,魔防,速度",爆裂飞弹;虹光冲击;冰点;星轨裂变,龙息帕尔,龙,孤僻,"物攻,魔防,速度",火云车;龙之利爪;俯冲猛击;隼鳞,魔力猫,毒,理智,"生命,物攻,物防",溃烂触碰;移花接木;光能聚集;光合作用,圣羽翼王,机械,稳重,"物攻,魔攻,速度",疾风连袭;离子震荡;水幕冲击;回旋风暴,伊兰龙,机械,稳重,"物攻,魔攻,速度",离子震荡;龙息环爆;星轨裂变;湮灭,True,
d7444eec9e804483368f77e9cbf17ac4,。。。,pve,。。。,,进化之力,2026-4-6,2026-4-6,高攻速，高续航,迪莫,龙,稳重,"魔攻,魔防,速度",闪光冲击;升龙咆哮;天洪;超导,尖嘴狐仙,光,稳重,"魔攻,魔防,速度",爆裂飞弹;虹光冲击;冰点;星轨裂变,龙息帕尔,龙,孤僻,"物攻,魔防,速度",火云车;龙之利爪;俯冲猛击;隼鳞,魔力猫,毒,理智,"生命,物攻,物防",溃烂触碰;移花接木;光能聚集;光合作用,圣羽翼王,机械,稳重,"物攻,魔攻,速度",疾风连袭;离子震荡;水幕冲击;回旋风暴,伊兰龙,机械,稳重,"物攻,魔攻,速度",离子震荡;龙息环爆;星轨裂变;湮灭,True,
57d143f5126160391043f1c54eb1dd95,通用PVE阵容,pve,泷景,,进化之力,2026-4-2,2026-4-2,首发：翠顶夫人（强化铺垫）,翠顶夫人,水,大胆,"生命,物防,速度",润泽;力量增效;风隐;飞羽,迪莫,光,固执,"物攻,魔攻,速度",折射;棘突;超导;火焰箭,火神,火,勇敢,"生命,物攻,魔攻",防御;火云车;暗突袭;力量增效,罗隐,地,固执,"生命,物防,魔防",蝙蝠;力量增效;岩土暴击;鸣沙陷阱,奇丽花,草,保守,"生命,魔攻,速度",光能聚集;纤维化;花炮;防御,圣羽翼王,翼,固执,"生命,物攻,速度",乘胜追击;热身运动;伺机而动;疾风刺,True,
69da7760d243bad97a4e369f6fa2df1d,通用PVE阵容,pve,泷景,,强化术,2026-4-2,2026-4-2,PVE：翠顶夫人全程强化接力，奇丽花续航，罗隐 / 火神 / 圣羽翼王多核输出，适配副本、推图、BOSS 战，靠多层强化快速清场，无续航压力（奇丽花 + 翠顶润泽双续航）。,翠顶夫人,水,平和,"物防,魔防,速度",润泽;风隐;力量增效;飞羽,迪莫,光,固执,"生命,物攻,速度",棘突;折射;火焰箭;超导,火神,火,勇敢,"生命,物攻,速度",火云车;暗突袭;力量增效;防御,罗隐,地,固执,"物防,魔防,速度",岩土暴击;鸣沙陷阱;蝙蝠;力量增效,奇丽花,草,保守,"生命,魔攻,速度",光能聚集;花炮;防御;纤维化,圣羽翼王,翼,固执,"生命,物攻,速度",热身运动;乘胜追击;疾风刺;伺机而动,True,
8ead2ac73eccdc6ae22dead520628f06,狼王队,pve,狼王队,,进化之力,2026-4-2,2026-4-2,T0狼王,恶魔狼,首领,开朗,"生命,物攻,速度",蝙蝠;火焰切割;有效预防;吞噬,黑猫巫师,普通,保守,"生命,物攻,速度",彗星;魔法增效;防御;魔能爆,画间沉铁兽,普通,固执,"生命,物攻,速度",截拳;先发制人;力量增效;有效预防,卡瓦重（雪山附近的样子）,冰,胆小,"生命,物攻,速度",晒太阳;摇篮曲;速冻;冰晶坠,音速犬,首领,开朗,"生命,物攻,速度",当头棒喝;焚烧烙印;灼伤;跌落,秩序鱿墨,翼,开朗,"生命,物攻,速度",能量刃;风墙;力量增效;倾泻,True,
